Contour,Path Length,
UID_1_1_1_all-18,751.881,
UID_1_10_1_all-12,766.719,
UID_1_10_2_all-19,682.486,
UID_1_10_3_all-2,618.576,
UID_1_10_4_all-2,587.432,
UID_1_11_1_all-8,738.954,
UID_1_2_1_all-20,1949.33,
UID_1_2_2_all-14,693.721,
UID_1_3_1_all-3,803.366,
UID_1_4_1_all-7,668.631,
UID_1_4_2_all-12,714.926,
UID_1_5_1_all-2,750.408,
UID_1_6_1_all-6,746.384,
UID_1_7_1_all-2,736.439,
UID_1_7_2_all-6,678.577,
UID_1_8_1_all-10,729.246,
UID_1_8_2_all-3,686.032,
UID_1_9_1_all-3,593.268,
UID_1_9_2_all-19,1414,
UID_11_1_1_all-15,623.901,
UID_11_1_2_all-3,1543.35,
UID_11_10_1_all-10,802.914,
UID_11_11_1_all-10,1318.95,
UID_11_11_2_all-14,998.569,
UID_11_11_3_all-11,1186.18,
UID_11_12_1_all-7,658.643,
UID_11_12_2_all-8,1216.18,
UID_11_12_3_all-11,917.968,
UID_11_14_1_all-7,641.442,
UID_11_15_1_all-15,1520.61,
UID_11_15_2_all-12,702.593,
UID_11_15_3_all-13,959.98,
UID_11_15_4_all-8,635.555,
UID_11_15_5_all-9,1018.72,
UID_11_16_1_all-12,755.264,
UID_11_16_2_all-22,707.654,
UID_11_16_3_all,209.757,
UID_11_17_1_all-7,1115.62,
UID_11_17_2_all-14,760.431,
UID_11_18_1_all-6,76.348,
UID_11_19_1_all-11,811.514,
UID_11_2_1_all-17,589.227,
UID_11_2_2_all-9,1039.61,
UID_11_2_3_all-17,709.129,
UID_11_2_4_all-5,663.606,
UID_11_21_1_all-11,963.331,
UID_11_21_2_all-15,94.098,
UID_11_21_3_all-18,730.06,
UID_11_22_1_all-15,734.831,
UID_11_22_2_all-22,642.958,
UID_11_23_1_all-15,662.861,
UID_11_23_2_all-10,842.18,
UID_11_24_1_all-13,843.694,
UID_11_24_2_all-5,607.111,
UID_11_25_1_all-13,166.025,
UID_11_25_2_all-9,858.821,
UID_11_27_1_all-14,1126.03,
UID_11_27_2_all-9,962.595,
UID_11_28_1_all-6,672.278,
UID_11_28_2_all-4,937.118,
UID_11_28_3_all,764.592,
UID_11_28_4_all-2,919.56,
UID_11_29_1_all-10,765.434,
UID_11_29_2_all-2,775.155,
UID_11_29_3_all-3,582.708,
UID_11_29_4_all-5,1191.17,
UID_11_29_5_all-4,792.163,
UID_11_3_1_all-19,706.241,
UID_11_30_1_all-6,1329.9,
UID_11_30_2_all-8,934.571,
UID_11_31_1_all-7,976.031,
UID_11_31_2_all-14,729.158,
UID_11_31_3_all-11,702.785,
UID_11_31_4_all-7,1170.74,
UID_11_32_1_all-6,1264.69,
UID_11_32_2_all-2,798.644,
UID_11_32_3_all-18,1504.48,
UID_11_32_4_all-5,595.224,
UID_11_32_5_all-4,718.205,
UID_11_32_6_all-12,173.18,
UID_11_32_7_all-10,797.301,
UID_11_33_1_all-11,794.874,
UID_11_33_2_all-4,1154.2,
UID_11_33_3_all-3,957.146,
UID_11_33_4_all-4,850.538,
UID_11_33_5_all-6,1275.6,
UID_11_33_6_all-7,825.961,
UID_11_36_1_all-16,759.123,
UID_11_36_2_all-5,870.544,
UID_11_36_3_all-9,879.124,
UID_11_36_4_all-6,741.71,
UID_11_37_1_all-7,1160.94,
UID_11_37_2_all-5,1094.36,
UID_11_37_3_all-14,765.638,
UID_11_37_4_all-3,776.294,
UID_11_37_5_all-9,1202.53,
UID_11_4_1_all-12,603.793,
UID_11_5_1_all-11,759.745,
UID_11_5_2_all-11,692.399,
UID_11_5_3_all-8,663.422,
UID_11_5_4_all-12,595.2,
UID_11_6_1_all-14,656.677,
UID_11_6_2_all-8,730.973,
UID_11_6_3_all-2,892.64,
UID_11_6_4_all-7,783.105,
UID_11_6_5_all-9,752.622,
UID_11_6_6_all-12,687.774,
UID_11_7_1_all-11,754.458,
UID_11_7_2_all-9,663.659,
UID_11_7_3_all-10,1077.92,
UID_14_1_1_all-2,583.233,
UID_14_1_2_all-10,669.934,
UID_14_1_3_all-7,730.741,
UID_14_1_4_all-17,737.49,
UID_14_1_5_all-31,644.131,
UID_14_11_1_all-27,1171.14,
UID_14_11_2_all-18,1029.86,
UID_14_12_1_all-28,770.068,
UID_14_12_2_all-7,628.371,
UID_14_12_3_all-10,1677.77,
UID_14_12_4_all-14,729.342,
UID_14_13_1_all-13,699.201,
UID_14_13_2_all-26,810.016,
UID_14_13_3_all-16,744.267,
UID_14_14_1_all-20,714.255,
UID_14_14_2_all-25,642.089,
UID_14_14_3_all-22,1606.93,
UID_14_14_4_all-18,1327.06,
UID_14_15_1_all-22,684.962,
UID_14_15_2_all-19,760.485,
UID_14_15_3_all-26,709.506,
UID_14_16_1_all-32,787.329,
UID_14_16_2_all-37,822.068,
UID_14_16_3_all-18,765.702,
UID_14_16_4_all-18,688.93,
UID_14_16_5_all-15,684.599,
UID_14_16_6_all-4,814.035,
UID_14_17_1_all-2,704.06,
UID_14_17_2_all-3,750.336,
UID_14_17_3_all-2,657.831,
UID_14_17_4_all-4,729.891,
UID_14_17_5_all,1129.32,
UID_14_18_1_all-2,1208.38,
UID_14_18_2_all-17,715.088,
UID_14_18_3_all-14,645.951,
UID_14_18_4_all-14,662.961,
UID_14_18_5_all-13,670.296,
UID_14_19_1_all-17,704.877,
UID_14_19_2_all-6,693.24,
UID_14_19_3_all-27,756.1,
UID_14_19_4_all-20,704.668,
UID_14_2_1_all-21,747.432,
UID_14_2_2_all-16,731.917,
UID_14_2_3_all-10,672.273,
UID_14_2_4_all-13,669.371,
UID_14_2_5_all-8,663.12,
UID_14_20_1_all-3,623.971,
UID_14_20_2_all-4,713.143,
UID_14_21_1_all-12,741.089,
UID_14_21_2_all-19,729.656,
UID_14_22_1_all-9,653.433,
UID_14_22_2_all-25,759.131,
UID_14_23_1_all-3,679.224,
UID_14_23_2_all-10,728.944,
UID_14_24_1_all-9,706.153,
UID_14_24_2_all-2,659.93,
UID_14_25_1_all-19,672.11,
UID_14_26_1_all-2,763.41,
UID_14_26_2_all-2,705.034,
UID_14_28_1_all-11,670.157,
UID_14_28_2_all-17,737.536,
UID_14_28_3_all-24,653.504,
UID_14_28_4_all-19,679.456,
UID_14_29_1_all-19,697.784,
UID_14_29_2_all-27,688.084,
UID_14_3_1_all-4,705.22,
UID_14_30_1_all-21,689.907,
UID_14_30_2_all-19,712.523,
UID_14_30_3_all-15,731.124,
UID_14_31_1_all-12,682.838,
UID_14_31_2_all-15,741.076,
UID_14_31_3_all-2,774.928,
UID_14_32_1_all-20,707.571,
UID_14_32_2_all-14,769.095,
UID_14_33_1_all-22,850.028,
UID_14_34_1_all-9,701.123,
UID_14_34_2_all-16,715.757,
UID_14_37_1_all-14,760.19,
UID_14_37_2_all-15,717.666,
UID_14_37_3_all-31,756.917,
UID_14_37_4_all-16,653.039,
UID_14_38_1_all-15,643.954,
UID_14_4_1_all-2,603.747,
UID_14_5_1_all-3,672.745,
UID_14_5_2_all-7,675.357,
UID_14_5_3_all-3,671.596,
UID_14_6_1_all-32,706.852,
UID_14_6_2_all-16,665.752,
UID_14_6_3_all-19,689.156,
UID_14_6_4_all-5,634.17,
UID_14_6_5_all-17,730.283,
UID_14_7_1_all-19,744.935,
UID_14_7_2_all-17,716.487,
UID_14_7_3_all-21,1015.06,
UID_14_8_1_all-19,740.294,
UID_14_8_2_all-30,742.625,
UID_14_9_1_all-8,671.876,
UID_14_9_2_all-20,697.899,
UID_14_9_3_all-16,692.848,
UID_15_1_1_all-12,858.084,
UID_15_1_2_all-15,1177.93,
UID_15_11_1_all-16,735.973,
UID_15_12_1_all-2,724.417,
UID_15_13_1_all-11,700.298,
UID_15_14_1_all-25,683.054,
UID_15_15_1_all-4,747.641,
UID_15_15_2_all-9,686.185,
UID_15_16_1_all-11,668.042,
UID_15_16_2_all-16,726.149,
UID_15_16_3_all-10,635.252,
UID_15_16_4_all-7,693.932,
UID_15_17_1_all-2,752.596,
UID_15_17_2_all-2,705.107,
UID_15_18_1_all-21,867.885,
UID_15_18_2_all-10,1378.48,
UID_15_18_3_all-6,714.683,
UID_15_19_1_all-22,757.679,
UID_15_19_2_all-3,778.896,
UID_15_19_3_all-13,1293.29,
UID_15_20_1_all-8,711.544,
UID_15_20_2_all-13,722.468,
UID_15_21_1_all-17,739.295,
UID_15_21_2_all-29,956.13,
UID_15_21_3_all-10,618.067,
UID_15_22_1_all-3,620.121,
UID_15_22_2_all-14,697.308,
UID_15_22_3_all-4,639.893,
UID_15_23_1_all-3,722.703,
UID_15_24_1_all-2,661.546,
UID_15_24_2_all-4,630.752,
UID_15_25_1_all-3,640.156,
UID_15_25_2_all-8,729.757,
UID_15_25_3_all-7,669.972,
UID_15_26_1_all-2,643.106,
UID_15_26_2_all-8,684.805,
UID_15_26_3_all-14,748.991,
UID_15_27_1_all-11,714.746,
UID_15_27_2_all-25,654.756,
UID_15_27_3_all-17,698.458,
UID_15_28_1_all-10,674.281,
UID_15_28_2_all-7,750.764,
UID_15_28_3_all-6,747.075,
UID_15_29_1_all-3,654.904,
UID_15_29_2_all-9,715.061,
UID_15_3_1_all-3,937.82,
UID_15_3_2_all-3,1160.76,
UID_15_30_1_all-5,734.471,
UID_15_30_2_all-12,759.321,
UID_15_30_3_all-12,755.096,
UID_15_4_1_all,1127.46,
UID_15_6_1_all-4,688.903,
UID_15_6_2_all-5,821.549,
UID_15_7_1_all-12,693.241,
UID_15_7_2_all-2,674.974,
UID_15_8_1_all-10,717.639,
UID_15_8_2_all-16,1321.14,
UID_15_8_3_all-14,748.277,
UID_17_1_1_all-16,697.875,
UID_17_1_2_all-11,627.597,
UID_17_10_1_all-10,690.805,
UID_17_10_2_all-7,637.146,
UID_17_11_1_all-10,666.799,
UID_17_11_2_all-13,708.727,
UID_17_11_3_all-15,775.042,
UID_17_12_1_all-17,778.809,
UID_17_12_2_all-6,658.773,
UID_17_12_3_all-24,736.69,
UID_17_13_1_all-9,1593.47,
UID_17_13_2_all-14,676.665,
UID_17_13_3_all-17,691.833,
UID_17_14_1_all-27,776.658,
UID_17_14_2_all-26,776.489,
UID_17_14_3_all-18,684.31,
UID_17_14_4_all-15,667.421,
UID_17_14_5_all-11,1045.61,
UID_17_15_1_all-3,1131.95,
UID_17_16_1_all-15,662.6,
UID_17_16_2_all-7,721.393,
UID_17_17_1_all-2,707.705,
UID_17_18_1_all-2,1140.16,
UID_17_18_2_all-3,1137.1,
UID_17_19_1_all-26,819.262,
UID_17_20_1_all-2,643.204,
UID_17_20_2_all-10,740.699,
UID_17_21_1_all-5,726.19,
UID_17_22_1_all-6,1199.91,
UID_17_22_2_all-13,768.961,
UID_17_22_3_all-8,739.798,
UID_17_23_1_all-4,729.332,
UID_17_24_1_all-5,1305.79,
UID_17_24_2_all-13,717.372,
UID_17_24_3_all-11,1245.83,
UID_17_25_1_all-11,805.613,
UID_17_25_2_all-13,1513.69,
UID_17_26_1_all-8,1409.35,
UID_17_26_2_all-12,1207.86,
UID_17_27_1_all-11,1219.61,
UID_17_28_1_all-19,808.287,
UID_17_28_2_all,116.302,
UID_17_28_3_all-4,619.052,
UID_17_28_4_all-13,697.049,
UID_17_3_1_all-11,1083.75,
UID_17_3_2_all-26,1169.05,
UID_17_3_3_all-19,746.713,
UID_17_30_1_all-13,746.527,
UID_17_30_2_all-13,652.283,
UID_17_30_3_all-27,710.213,
UID_17_31_1_all-2,1147.05,
UID_17_32_1_all,1223.37,
UID_17_33_1_all-3,639.815,
UID_17_33_2_all-3,754.361,
UID_17_34_1_all-10,704.498,
UID_17_34_2_all-20,676.031,
UID_17_35_1_all-3,703.996,
UID_17_36_1_all-2,718.081,
UID_17_36_2_all-5,1309.58,
UID_17_38_1_all-4,697.131,
UID_17_4_1_all-5,668.779,
UID_17_4_2_all,693.901,
UID_17_4_3_all-7,674.911,
UID_17_5_1_all-2,752.237,
UID_17_5_2_all-2,655.782,
UID_17_6_1_all-18,786,
UID_17_7_1_all-6,666.664,
UID_17_7_2_all-4,646.482,
UID_17_7_3_all-15,684.943,
UID_17_7_4_all-10,664.601,
UID_17_7_5_all-19,695.394,
UID_17_8_1_all-4,1243.13,
UID_17_9_1_all-23,724.656,
UID_19_10_1_all-23,794.185,
UID_19_10_2_all-21,979.658,
UID_19_13_1_all-16,751.926,
UID_19_4_1_all-26,1276.09,
UID_19_5_1_all-6,1614.25,
UID_19_7_1_all-30,1359.42,
UID_19_7_2_all-15,1331.58,
UID_19_7_3_all-7,1042.62,
UID_19_8_1_all-19,993.742,
UID_20_1_1_all-15,1331.98,
UID_20_1_2_all-10,1662.86,
UID_20_1_3_all-8,1110.82,
UID_20_10_1_all-15,791.058,
UID_20_10_2_all-10,739.469,
UID_20_10_3_all-16,760.401,
UID_20_10_4_all-10,645.859,
UID_20_10_5_all-7,1316.12,
UID_20_11_1_all-16,1300.81,
UID_20_11_2_all-13,684.456,
UID_20_12_1_all-12,1200.66,
UID_20_12_2_all-11,1360.52,
UID_20_13_1_all-12,695.674,
UID_20_13_2_all-18,818.327,
UID_20_13_3_all-17,704.442,
UID_20_13_4_all-12,1511.61,
UID_20_13_5_all-26,739.254,
UID_20_13_6_all-15,653.148,
UID_20_14_1_all-15,593.324,
UID_20_14_2_all-14,709.395,
UID_20_14_3_all-16,557.284,
UID_20_14_4_all-13,645.467,
UID_20_14_5_all-12,623.654,
UID_20_14_6_all-18,572.289,
UID_20_15_1_all-14,664.679,
UID_20_15_2_all-11,643.631,
UID_20_16_1_all-20,1454.44,
UID_20_16_2_all-15,1158.04,
UID_20_16_3_all-15,696.774,
UID_20_18_1_all-15,726.821,
UID_20_18_2_all-6,1107.85,
UID_20_19_1_all-13,1036.32,
UID_20_19_2_all-3,958.838,
UID_20_20_1_all-27,693.082,
UID_20_22_1_all-13,803.637,
UID_20_22_2_all-9,645.277,
UID_20_22_3_all-25,730.67,
UID_20_22_4_all-13,700.473,
UID_20_24_1_all-17,937.82,
UID_20_28_1_all-24,1022.65,
UID_20_29_1_all-15,1011.66,
UID_20_3_1_all-2,716.258,
UID_20_30_1_all,1229.33,
UID_20_32_1_all-19,803.604,
UID_20_32_2_all-13,1165.94,
UID_20_32_3_all-10,700.74,
UID_20_33_1_all-17,808.656,
UID_20_34_1_all-5,1188.05,
UID_20_34_2_all-6,1264.7,
UID_20_35_1_all-5,734.61,
UID_20_35_2_all-2,624.975,
UID_20_37_1_all-12,645.653,
UID_20_37_2_all-12,657.535,
UID_20_37_3_all-13,731.077,
UID_20_37_4_all-16,716.781,
UID_20_37_5_all-21,1258.26,
UID_20_37_6_all-8,640.025,
UID_20_38_1_all-13,654.409,
UID_20_38_2_all-19,667.961,
UID_20_38_3_all-12,701.39,
UID_20_4_1_all-5,656.747,
UID_20_4_2_all-2,697.893,
UID_20_4_3_all-6,726.341,
UID_20_5_1_all,1185.97,
UID_20_5_2_all-2,687.477,
UID_20_6_1_all-6,719.843,
UID_20_6_2_all-2,665.424,
UID_20_8_1_all-5,1127.93,
UID_20_8_2_all-4,638.607,
UID_20_8_3_all-12,854.799,
UID_20_9_1_all-28,851.562,
UID_20_9_2_all-13,826.325,
UID_20_9_3_all-20,1302.66,
UID_20_9_4_all-14,667.16,
UID_20_9_5_all-21,652.407,
UID_22_1_1_all-13,696.727,
UID_22_1_2_all-10,743.823,
UID_22_1_3_all-19,696.37,
UID_22_10_1_all-8,683.923,
UID_22_10_2_all-10,641.076,
UID_22_10_3_all-9,661.147,
UID_22_10_4_all-23,691.77,
UID_22_10_5_all-15,623.517,
UID_22_11_1_all-25,622.477,
UID_22_11_2_all-22,634.109,
UID_22_11_3_all-15,589.967,
UID_22_11_4_all-20,646.358,
UID_22_11_5_all-13,608.986,
UID_22_11_6_all-16,623.895,
UID_22_12_1_all-5,704.898,
UID_22_13_1_all-10,692.805,
UID_22_14_1_all-4,568.25,
UID_22_14_2_all-10,862.695,
UID_22_14_3_all-11,612.196,
UID_22_14_4_all-19,624.818,
UID_22_15_1_all-7,630.914,
UID_22_16_1_all-4,622.829,
UID_22_16_2_all-10,650.636,
UID_22_17_1_all,1010.79,
UID_22_17_2_all-2,632.049,
UID_22_18_1_all-8,626.832,
UID_22_18_2_all-16,674.002,
UID_22_18_3_all-5,642.585,
UID_22_18_4_all-4,716.364,
UID_22_19_1_all-5,627.475,
UID_22_19_2_all-3,641.623,
UID_22_19_3_all-6,588.608,
UID_22_19_4_all-3,714.496,
UID_22_2_1_all-3,652.699,
UID_22_2_2_all-9,742.531,
UID_22_20_1_all-13,1080.1,
UID_22_21_1_all-4,631.432,
UID_22_21_2_all-12,615.069,
UID_22_22_1_all-14,672.053,
UID_22_22_2_all-10,727.809,
UID_22_23_1_all-5,1027.08,
UID_22_23_2_all-2,571.715,
UID_22_23_3_all-2,567.992,
UID_22_23_4_all-17,1383.68,
UID_22_24_1_all-9,787.588,
UID_22_24_2_all-11,1114.45,
UID_22_24_3_all-5,663.823,
UID_22_24_4_all-7,647.424,
UID_22_25_1_all-10,730.753,
UID_22_25_2_all-2,625.608,
UID_22_25_3_all-6,631.29,
UID_22_25_4_all-10,1135.67,
UID_22_26_1_all-2,573.935,
UID_22_26_2_all-20,1048.87,
UID_22_26_3_all-3,659.765,
UID_22_26_4_all-18,738.608,
UID_22_27_1_all-12,642.426,
UID_22_27_2_all-16,691.314,
UID_22_27_3_all-20,620.357,
UID_22_27_4_all-20,673.843,
UID_22_28_1_all-10,682.647,
UID_22_28_2_all-14,637.276,
UID_22_29_1_all-2,639.978,
UID_22_29_2_all-7,707.246,
UID_22_3_1_all-4,805.235,
UID_22_30_1_all-8,668.303,
UID_22_30_2_all-9,692.04,
UID_22_31_1_all-2,616.023,
UID_22_31_2_all,1036.18,
UID_22_31_3_all,1157.83,
UID_22_32_1_all-4,697.403,
UID_22_32_2_all-5,682.315,
UID_22_33_1_all-10,696.62,
UID_22_33_2_all-5,1257.29,
UID_22_34_1_all-2,690.452,
UID_22_34_2_all-6,739.778,
UID_22_35_1_all-2,625.782,
UID_22_35_2_all-11,713.826,
UID_22_35_3_all-6,712.753,
UID_22_35_4_all-5,745.551,
UID_22_36_1_all,1173.73,
UID_22_36_2_all-6,752.758,
UID_22_37_1_all-2,741.921,
UID_22_37_2_all-9,1384.73,
UID_22_4_1_all-15,613.583,
UID_22_4_2_all-3,591.494,
UID_22_4_3_all-9,737.062,
UID_22_5_1_all-2,797.122,
UID_22_6_1_all-14,700.584,
UID_22_6_2_all-15,1219.72,
UID_22_6_3_all-10,649.851,
UID_22_7_1_all-3,628.815,
UID_22_7_2_all-7,864.76,
UID_22_7_3_all-9,619.322,
UID_22_7_4_all-10,653.64,
UID_22_8_1_all-14,1275.04,
UID_22_8_2_all-7,652.64,
UID_22_8_3_all-8,668.041,
UID_22_8_4_all-25,631.362,
UID_22_8_5_all-20,747.391,
UID_22_9_1_all-14,758.641,
UID_22_9_2_all-17,1519.07,
UID_22_9_3_all-6,642.842,
UID_26_1_1_all-3,509.884,
UID_26_1_2_all-2,509.37,
UID_26_1_3_all-14,586.933,
UID_26_10_1_all-3,649.048,
UID_26_10_2_all-9,736.316,
UID_26_11_1_all-18,635.297,
UID_26_11_2_all-18,775.804,
UID_26_12_1_all-2,621.024,
UID_26_13_1_all-35,717.817,
UID_26_13_2_all-10,719.286,
UID_26_13_3_all-2,575.691,
UID_26_13_4_all-25,658.699,
UID_26_14_1_all-7,1189.14,
UID_26_14_2_all-2,707.681,
UID_26_14_3_all-4,1181.41,
UID_26_14_4_all-7,908.27,
UID_26_15_1_all-4,718.192,
UID_26_16_1_all-19,651.614,
UID_26_16_2_all-22,669.522,
UID_26_16_3_all-11,1061.05,
UID_26_17_1_all-31,1426.55,
UID_26_17_2_all-12,642.548,
UID_26_17_3_all-22,648.153,
UID_26_18_1_all-13,574.63,
UID_26_18_2_all-20,585.399,
UID_26_18_3_all-39,750.992,
UID_26_18_4_all-16,1118.6,
UID_26_19_1_all-2,504.905,
UID_26_19_10_all-13,595.89,
UID_26_19_2_all-25,635.244,
UID_26_19_3_all-13,618.729,
UID_26_19_4_all-17,592.384,
UID_26_19_5_all-20,637.848,
UID_26_19_6_all-3,544.249,
UID_26_19_7_all-3,1132.13,
UID_26_19_8_all-16,625.889,
UID_26_19_9_all-16,614.58,
UID_26_2_1_all-5,504.735,
UID_26_2_2_all-14,592.425,
UID_26_2_3_all-16,607.318,
UID_26_20_1_all-21,655.305,
UID_26_20_2_all-6,571.96,
UID_26_20_3_all-5,596.085,
UID_26_20_4_all-10,578.974,
UID_26_20_5_all-20,633.523,
UID_26_20_6_all-22,622.592,
UID_26_21_1_all-5,662.123,
UID_26_21_2_all-11,1250.01,
UID_26_21_3_all-8,1056.61,
UID_26_21_4_all-18,658.901,
UID_26_23_1_all-12,1043.1,
UID_26_24_1_all-22,718.174,
UID_26_24_2_all-28,713.299,
UID_26_24_3_all-10,572.167,
UID_26_24_4_all-26,651.161,
UID_26_25_1_all-16,636.182,
UID_26_25_2_all-2,588.728,
UID_26_25_3_all,978.924,
UID_26_25_4_all-3,775.78,
UID_26_26_1_all-3,561.962,
UID_26_26_2_all-11,594.158,
UID_26_27_1_all-4,652.996,
UID_26_27_2_all-3,615.74,
UID_26_27_3_all-19,741.198,
UID_26_28_1_all-6,735.629,
UID_26_28_2_all-3,630.089,
UID_26_29_1_all-4,639.08,
UID_26_3_1_all-3,544.754,
UID_26_3_2_all-2,495.379,
UID_26_3_3_all-4,665.331,
UID_26_3_4_all-2,558.569,
UID_26_3_5_all-5,566.971,
UID_26_3_6_all-5,572.66,
UID_26_30_1_all-3,573.176,
UID_26_30_2_all-11,575.758,
UID_26_30_3_all-12,580.879,
UID_26_30_4_all-7,602.395,
UID_26_30_5_all-8,604.313,
UID_26_30_6_all-8,622.866,
UID_26_30_7_all-14,624.091,
UID_26_30_8_all-15,641.729,
UID_26_31_1_all-8,619.699,
UID_26_31_2_all-8,568.958,
UID_26_31_3_all-14,590.358,
UID_26_31_4_all-15,634.296,
UID_26_31_5_all-25,737.79,
UID_26_32_1_all-32,814.55,
UID_26_32_2_all-12,368.06,
UID_26_32_3_all-14,575.194,
UID_26_32_4_all-11,981.654,
UID_26_32_5_all-3,865.202,
UID_26_32_6_all-16,616.547,
UID_26_32_7_all-25,593.102,
UID_26_33_1_all-4,569.436,
UID_26_33_2_all-6,662.012,
UID_26_34_1_all-4,578.519,
UID_26_34_2_all-17,715.237,
UID_26_34_3_all-12,585.091,
UID_26_35_1_all-10,621.131,
UID_26_35_2_all-17,631.727,
UID_26_35_3_all-18,615.468,
UID_26_35_4_all-12,590.319,
UID_26_35_5_all-28,613.335,
UID_26_36_1_all-12,604.177,
UID_26_36_2_all,999.739,
UID_26_36_3_all-11,618.45,
UID_26_36_4_all-26,609.772,
UID_26_36_5_all-3,577.132,
UID_26_4_1_all-17,687.156,
UID_26_4_2_all-20,666.559,
UID_26_4_3_all-8,596.244,
UID_26_4_4_all-8,741.929,
UID_26_4_5_all-2,921.959,
UID_26_4_6_all-10,601.541,
UID_26_4_7_all-23,673.937,
UID_26_4_8_all-27,743.809,
UID_26_4_9_all-3,564.475,
UID_26_5_1_all-17,678.809,
UID_26_5_2_all-3,582.022,
UID_26_5_3_all-8,725.301,
UID_26_5_4_all-3,583.898,
UID_26_5_5_all-7,650.337,
UID_26_5_6_all-10,632.359,
UID_26_6_1_all-3,972.91,
UID_26_6_2_all-3,950.623,
UID_26_6_3_all-2,625.841,
UID_26_6_4_all,895.129,
UID_26_6_5_all-14,680.304,
UID_26_6_6_all-19,707.311,
UID_26_6_7_all-6,644.493,
UID_26_6_8_all-33,868.429,
UID_26_6_9_all-20,652.911,
UID_26_7_1_all-17,689.387,
UID_26_7_2_all-9,748.756,
UID_26_7_3_all-4,1081.82,
UID_26_8_1_all-18,1614.23,
UID_26_8_2_all-7,949.578,
UID_26_8_3_all-22,763.952,
UID_26_9_1_all-19,1232.58,
UID_26_9_2_all-10,587.023,
UID_26_9_3_all-21,1084.69,
UID_26_9_4_all-24,1511.77,
UID_28_1_1_all-2,500.788,
UID_28_1_2_all-8,633.915,
UID_28_10_1_all-29,703.983,
UID_28_10_2_all-20,696.933,
UID_28_10_3_all-24,685.201,
UID_28_10_4_all-7,559.165,
UID_28_10_5_all-19,604.213,
UID_28_10_6_all-12,602.083,
UID_28_10_7_all-3,607.42,
UID_28_12_1_all-2,539.587,
UID_28_13_1_all-6,626.737,
UID_28_14_1_all-3,528.806,
UID_28_15_1_all-18,661.373,
UID_28_15_2_all-16,710.408,
UID_28_15_3_all-15,654.549,
UID_28_16_1_all-10,1051.75,
UID_28_17_1_all-19,559.397,
UID_28_2_1_all-16,691.463,
UID_28_2_2_all-2,534.152,
UID_28_2_3_all-5,603.546,
UID_28_2_4_all-20,627.758,
UID_28_2_5_all-14,581.13,
UID_28_2_6_all-19,618.156,
UID_28_20_1_all-2,626.189,
UID_28_20_2_all-19,798.244,
UID_28_21_1_all-21,759.687,
UID_28_21_2_all-2,595.137,
UID_28_23_1_all-3,724.173,
UID_28_23_2_all-18,747.719,
UID_28_23_3_all-18,727.304,
UID_28_24_1_all-17,650.671,
UID_28_24_2_all-3,664.161,
UID_28_25_1_all-17,690.027,
UID_28_25_2_all-48,686.725,
UID_28_27_1_all-2,665.262,
UID_28_27_2_all-9,634.13,
UID_28_28_1_all-5,690.37,
UID_28_28_2_all-7,671.047,
UID_28_29_1_all-3,628.192,
UID_28_29_2_all-2,605.647,
UID_28_29_3_all-17,674.318,
UID_28_29_4_all-5,611.183,
UID_28_3_1_all-4,612.292,
UID_28_3_2_all-6,541.259,
UID_28_3_3_all-11,586.897,
UID_28_3_4_all-19,640.752,
UID_28_30_1_all-30,698.87,
UID_28_31_1_all-7,702.25,
UID_28_31_2_all-18,630.573,
UID_28_31_3_all-5,648.46,
UID_28_32_1_all-4,577.729,
UID_28_32_2_all-3,612.131,
UID_28_33_1_all-2,569.772,
UID_28_33_2_all-7,646.107,
UID_28_33_3_all-2,566.063,
UID_28_34_1_all-3,645.886,
UID_28_34_2_all-4,1054.07,
UID_28_34_3_all-2,600.075,
UID_28_34_4_all-15,1183.99,
UID_28_34_5_all-8,611.222,
UID_28_35_1_all-6,713.318,
UID_28_36_1_all-7,702.591,
UID_28_37_1_all-2,822.218,
UID_28_37_2_all-4,788.435,
UID_28_38_1_all-23,688.485,
UID_28_4_1_all-5,593.495,
UID_28_4_2_all-6,651.488,
UID_28_4_3_all-2,1010.34,
UID_28_4_4_all-16,633.282,
UID_28_4_5_all-16,687.394,
UID_28_4_6_all-4,577.987,
UID_28_5_1_all-5,989.687,
UID_28_5_2_all-13,958.029,
UID_28_5_3_all-10,854.74,
UID_28_5_4_all-5,973.792,
UID_28_5_5_all-11,861.871,
UID_28_5_6_all-6,1142.74,
UID_28_5_7_all-27,597.652,
UID_28_6_1_all-7,673.395,
UID_28_6_2_all-2,549.318,
UID_28_6_3_all-22,605.486,
UID_28_6_4_all-10,595.611,
UID_28_7_1_all-5,534.642,
UID_28_7_2_all-24,720.641,
UID_28_7_3_all-10,549.482,
UID_28_7_4_all-12,634.429,
UID_28_8_1_all-29,737.06,
UID_28_8_2_all-9,589.531,
UID_28_8_3_all-23,641.64,
UID_28_9_1_all-21,805.621,
UID_28_9_2_all-8,652.392,
UID_28_9_3_all-13,700.131,
UID_3_1_1_all-17,827.02,
UID_3_1_2_all-16,908.896,
UID_3_2_1_all-8,1398.75,
UID_3_3_1_all-16,806.68,
UID_3_3_2_all-9,569.886,
UID_3_4_1_all-5,1390.75,
UID_3_4_2_all,1307.19,
UID_3_4_3_all-17,765.162,
UID_3_4_4_all-5,754.31,
UID_3_4_5_all-18,767.393,
UID_3_4_6_all-9,832.511,
UID_35_1_1_all-21,673.775,
UID_35_1_2_all-26,714.877,
UID_35_1_3_all-23,1220.75,
UID_35_1_4_all-10,841.407,
UID_35_1_5_all-17,1237.11,
UID_35_1_6_all-20,696.577,
UID_35_1_7_all-18,684.073,
UID_35_10_1_all-22,672.596,
UID_35_10_2_all-30,711.164,
UID_35_10_3_all-28,1020.47,
UID_35_10_4_all-9,786.011,
UID_35_10_5_all-9,1275.54,
UID_35_10_6_all-21,696.724,
UID_35_10_7_all-23,688.445,
UID_35_11_1_all-23,1016.19,
UID_35_11_10_all-13,549.17,
UID_35_11_2_all-13,662.109,
UID_35_11_3_all-7,618.378,
UID_35_11_4_all-13,631.116,
UID_35_11_5_all-14,573.673,
UID_35_11_6_all-24,656.759,
UID_35_11_7_all-18,599.12,
UID_35_11_8_all-33,779.218,
UID_35_11_9_all-26,701.284,
UID_35_12_1_all-11,538.173,
UID_35_12_10_all-25,706.127,
UID_35_12_11_all-12,552.386,
UID_35_12_2_all-20,676.774,
UID_35_12_3_all-18,618.693,
UID_35_12_4_all-27,633.611,
UID_35_12_5_all-14,577.298,
UID_35_12_6_all-16,1127.94,
UID_35_12_7_all-19,672.506,
UID_35_12_8_all-22,603.16,
UID_35_12_9_all-26,790.777,
UID_35_13_1_all-28,810.013,
UID_35_13_2_all-22,1522.83,
UID_35_13_3_all-30,718.345,
UID_35_13_4_all-20,721.166,
UID_35_13_5_all-8,590.265,
UID_35_13_6_all-21,1095.53,
UID_35_13_7_all-30,791.617,
UID_35_13_8_all-22,803.491,
UID_35_13_9_all-21,715.08,
UID_35_14_1_all-25,700.926,
UID_35_14_10_all-8,647.25,
UID_35_14_11_all-19,885.604,
UID_35_14_12_all-16,591.934,
UID_35_14_13_all-16,615.259,
UID_35_14_14_all-8,929.657,
UID_35_14_15_all-15,575.371,
UID_35_14_16_all-15,657.714,
UID_35_14_2_all-15,1098.24,
UID_35_14_3_all-35,628.632,
UID_35_14_4_all-24,689.75,
UID_35_14_5_all-17,538.699,
UID_35_14_6_all-12,841.409,
UID_35_14_7_all-11,589.809,
UID_35_14_8_all-19,707.068,
UID_35_14_9_all-11,990.744,
UID_35_15_1_all-10,838.637,
UID_35_15_10_all-8,564.01,
UID_35_15_11_all-13,601.866,
UID_35_15_12_all-13,651.986,
UID_35_15_13_all-17,647.125,
UID_35_15_2_all-11,685.587,
UID_35_15_3_all-17,715.312,
UID_35_15_4_all-13,1348.8,
UID_35_15_5_all-12,530.278,
UID_35_15_6_all-19,858.508,
UID_35_15_7_all-16,713.806,
UID_35_15_8_all-19,1235.13,
UID_35_15_9_all-16,693.363,
UID_35_16_1_all-15,1324.38,
UID_35_16_10_all-10,1317.34,
UID_35_16_11_all-17,600.402,
UID_35_16_12_all-18,646.567,
UID_35_16_2_all-10,842.399,
UID_35_16_3_all-16,682.928,
UID_35_16_4_all-19,715.221,
UID_35_16_5_all-9,1176.54,
UID_35_16_6_all-22,1625.25,
UID_35_16_7_all-22,713.657,
UID_35_16_8_all-11,700.402,
UID_35_16_9_all-18,695.889,
UID_35_2_1_all-22,583.432,
UID_35_2_2_all-15,553.124,
UID_35_2_3_all-18,725.49,
UID_35_2_4_all-15,566.715,
UID_35_2_5_all-25,736.97,
UID_35_2_6_all-18,596.164,
UID_35_2_7_all-8,572.002,
UID_35_3_1_all-13,598.619,
UID_35_3_10_all-14,840.699,
UID_35_3_2_all-15,1147.57,
UID_35_3_3_all-12,546.008,
UID_35_3_4_all-9,579.539,
UID_35_3_5_all-17,569.545,
UID_35_3_6_all-14,654.433,
UID_35_3_7_all-16,600.742,
UID_35_3_8_all-5,640.935,
UID_35_3_9_all-16,664.357,
UID_35_4_1_all-12,535.412,
UID_35_4_2_all-26,662.843,
UID_35_4_3_all-22,703.049,
UID_35_4_4_all-26,716.058,
UID_35_4_5_all-14,690.452,
UID_35_4_6_all-15,677.722,
UID_35_5_1_all-20,628.604,
UID_35_5_2_all-22,687.032,
UID_35_5_3_all-28,1097.91,
UID_35_5_4_all-10,610.106,
UID_35_5_5_all-10,591.748,
UID_35_5_6_all-23,752.617,
UID_35_5_7_all-20,876.882,
UID_35_5_8_all-3,626.716,
UID_35_6_1_all-13,618.071,
UID_35_6_2_all-4,804.908,
UID_35_6_3_all-11,691.885,
UID_35_6_4_all-20,718.185,
UID_35_6_5_all-12,490.475,
UID_35_6_6_all-22,632.684,
UID_35_6_7_all-19,691.498,
UID_35_6_8_all-32,760.402,
UID_35_7_1_all-11,582.561,
UID_35_7_2_all-13,553.307,
UID_35_7_3_all-23,725.011,
UID_35_7_4_all-19,566.573,
UID_35_7_5_all-16,539.114,
UID_35_7_6_all-32,737.166,
UID_35_7_7_all-27,582.219,
UID_35_7_8_all-9,572.543,
UID_35_8_1_all-28,710.072,
UID_35_8_10_all-22,666.605,
UID_35_8_11_all-18,843.07,
UID_35_8_2_all-14,601.64,
UID_35_8_3_all-17,1148.81,
UID_35_8_4_all-11,545.599,
UID_35_8_5_all-21,582.597,
UID_35_8_6_all-21,569.845,
UID_35_8_7_all-15,652.545,
UID_35_8_8_all-20,604.147,
UID_35_8_9_all-9,640.212,
UID_35_9_1_all-11,533.238,
UID_35_9_10_all-26,588.345,
UID_35_9_11_all-14,544.372,
UID_35_9_12_all-17,567.651,
UID_35_9_2_all-15,557.475,
UID_35_9_3_all-19,730.58,
UID_35_9_4_all-17,102.689,
UID_35_9_5_all-20,541.257,
UID_35_9_6_all-19,530.564,
UID_35_9_7_all-14,560.506,
UID_35_9_8_all-12,550.504,
UID_35_9_9_all-9,546.91,
UID_4_1_1_all-12,731.243,
UID_4_1_2_all-18,677.515,
UID_4_1_3_all-20,783.641,
UID_4_11_1_all-21,847.31,
UID_4_11_2_all-8,610.247,
UID_4_11_3_all-7,615.017,
UID_4_12_1_all-25,708.153,
UID_4_12_2_all-17,670.212,
UID_4_13_1_all-11,629.779,
UID_4_13_2_all-30,645.205,
UID_4_13_3_all-28,755.225,
UID_4_14_1_all-33,709.733,
UID_4_14_2_all-2,1166.24,
UID_4_15_1_all-3,652.441,
UID_4_15_2_all-9,620.284,
UID_4_15_3_all-14,614.117,
UID_4_15_4_all-10,557.865,
UID_4_15_5_all-21,709.085,
UID_4_15_6_all-6,662.64,
UID_4_16_1_all-27,706.439,
UID_4_16_2_all-15,681.203,
UID_4_17_1_all-8,585.485,
UID_4_17_2_all-6,829.206,
UID_4_17_3_all-8,684.581,
UID_4_17_4_all-3,724.83,
UID_4_18_1_all-5,722.375,
UID_4_18_2_all-20,647.062,
UID_4_18_3_all-4,836.096,
UID_4_18_4_all-2,578.221,
UID_4_19_1_all-5,624.57,
UID_4_19_2_all-5,568.872,
UID_4_2_1_all-19,787.384,
UID_4_2_2_all-20,732.714,
UID_4_20_1_all-30,685.597,
UID_4_20_2_all-7,582.115,
UID_4_20_3_all-8,633.706,
UID_4_20_4_all-4,544.024,
UID_4_20_5_all-9,626.911,
UID_4_20_6_all-5,872.106,
UID_4_21_1_all-6,772.948,
UID_4_21_2_all-12,822.462,
UID_4_21_3_all-5,677.392,
UID_4_22_1_all-2,747.516,
UID_4_22_2_all-22,725.317,
UID_4_22_3_all-22,781.663,
UID_4_23_1_all-17,704.719,
UID_4_23_2_all-13,778.349,
UID_4_23_3_all-12,629.687,
UID_4_24_1_all-6,723.256,
UID_4_27_1_all-10,643.929,
UID_4_29_1_all-7,744.5,
UID_4_29_2_all-13,682.614,
UID_4_29_3_all-3,573.452,
UID_4_3_1_all-17,721.057,
UID_4_3_2_all-7,617.473,
UID_4_3_3_all-17,593.888,
UID_4_3_4_all-26,685.17,
UID_4_3_5_all-13,1393.82,
UID_4_3_6_all-42,674.131,
UID_4_30_1_all-20,749.959,
UID_4_30_2_all-7,622.492,
UID_4_31_1_all-2,688.831,
UID_4_31_2_all-9,654.047,
UID_4_31_3_all-4,587.59,
UID_4_31_4_all-16,878.188,
UID_4_31_5_all-3,675.341,
UID_4_31_6_all-25,753.103,
UID_4_31_7_all-3,532.658,
UID_4_32_1_all-4,818.327,
UID_4_32_2_all-5,825.642,
UID_4_33_1_all-2,554.386,
UID_4_33_2_all-3,741.7,
UID_4_33_3_all-10,737.658,
UID_4_33_4_all-6,806.486,
UID_4_34_1_all-2,600.145,
UID_4_35_1_all-3,733.692,
UID_4_35_2_all-2,559.596,
UID_4_35_3_all-7,596.325,
UID_4_35_4_all-7,592.276,
UID_4_36_1_all-15,677.642,
UID_4_36_2_all-7,743.359,
UID_4_36_3_all-4,647.544,
UID_4_36_4_all-26,694.753,
UID_4_36_5_all-3,658.347,
UID_4_37_1_all-4,669.212,
UID_4_37_2_all-22,739.016,
UID_4_38_1_all-14,763.437,
UID_4_38_2_all-11,720.435,
UID_4_39_1_all-2,714.865,
UID_4_39_2_all-2,664.195,
UID_4_4_1_all-5,658.289,
UID_4_4_2_all-5,832.07,
UID_4_4_3_all-16,777.613,
UID_4_4_4_all-7,631.875,
UID_4_4_5_all-2,562.006,
UID_4_4_6_all-3,662.063,
UID_4_4_7_all-7,567.841,
UID_4_4_8_all-7,644.671,
UID_4_5_1_all-8,656.651,
UID_4_5_2_all-23,774.137,
UID_4_5_3_all-20,725.118,
UID_4_6_1_all-6,622.191,
UID_4_7_1_all-26,640.141,
UID_4_8_1_all-10,649.935,
UID_4_8_2_all-14,673.587,
UID_4_8_3_all-22,746.106,
UID_4_9_1_all-11,658.185,
UID_4_9_2_all-4,537.989,
UID_4_9_3_all-11,625.656,
UID_4_9_4_all-10,686.907,
UID_4_9_5_all-2,551.913,
UID_4_9_6_all-14,659.71,
UID_4_9_7_all-7,639.168,
UID_43_1_1_all-17,1077.07,
UID_43_1_2_all-14,641.796,
UID_43_1_3_all-5,580.605,
UID_43_1_4_all-23,755.879,
UID_43_1_5_all-26,686.441,
UID_43_1_6_all-34,723.162,
UID_43_1_7_all-19,670.658,
UID_43_1_8_all-26,699.72,
UID_43_1_9_all-12,641.176,
UID_43_10_1_all-13,654.058,
UID_43_10_2_all-7,666.407,
UID_43_10_3_all-25,772.706,
UID_43_10_4_all-6,787.028,
UID_43_10_5_all-10,744.858,
UID_43_11_1_all-21,658.941,
UID_43_11_2_all-32,719.38,
UID_43_11_3_all-19,743.573,
UID_43_11_4_all-7,632.669,
UID_43_11_5_all-18,653.082,
UID_43_11_6_all-16,707.253,
UID_43_12_1_all-2,694.857,
UID_43_12_3_all-3,601.308,
UID_43_13_1_all-25,748.64,
UID_43_14_1_all-11,649.38,
UID_43_14_2_all-29,653.4,
UID_43_15_1_all-12,695.088,
UID_43_15_2_all-24,800.022,
UID_43_15_3_all-15,715.457,
UID_43_15_4_all-21,641.872,
UID_43_15_5_all-11,638.52,
UID_43_16_1_all-15,748,
UID_43_16_2_all-14,610.59,
UID_43_16_3_all-17,660.614,
UID_43_16_4_all-13,663.578,
UID_43_17_1_all-3,672.274,
UID_43_17_2_all-41,832.065,
UID_43_17_3_all-17,721.507,
UID_43_17_4_all-8,718.63,
UID_43_2_1_all-20,765.329,
UID_43_2_2_all-8,561.071,
UID_43_2_3_all-21,1261.94,
UID_43_2_4_all-20,601.808,
UID_43_2_5_all-19,624.982,
UID_43_2_6_all-14,637.007,
UID_43_3_1_all-18,637.971,
UID_43_3_2_all-14,588.976,
UID_43_3_3_all-17,617.009,
UID_43_3_4_all-21,618.501,
UID_43_4_1_all-4,549.27,
UID_43_4_2_all-7,570.753,
UID_43_4_3_all-15,628.698,
UID_43_4_4_all-9,673.126,
UID_43_4_5_all-21,580.336,
UID_43_4_6_all-8,550.117,
UID_43_4_7_all-4,499.797,
UID_43_6_1_all-21,670.668,
UID_43_6_2_all-19,675.058,
UID_43_6_3_all-9,618.875,
UID_43_6_4_all-8,640.816,
UID_43_7_1_all-23,663.443,
UID_43_7_2_all-31,781.695,
UID_43_7_3_all-21,605.933,
UID_43_7_4_all-32,1032.51,
UID_43_7_5_all-8,601.789,
UID_43_7_6_all-12,450.951,
UID_43_7_7_all-13,1073.64,
UID_43_7_8_all-4,1050.05,
UID_43_8_1_all-14,700.712,
UID_43_9_1_all-33,836.594,
UID_43_9_2_all-21,756.925,
UID_43_9_3_all-29,704.116,
UID_43_9_4_all-24,695.624,
UID_45_1_1_all-22,809.794,
UID_45_1_2_all-9,683.666,
UID_45_1_3_all-10,1465.86,
UID_45_1_4_all-30,1265.43,
UID_45_1_5_all-15,745.295,
UID_45_1_6_all-21,707.391,
UID_45_1_7_all-5,755.723,
UID_45_1_8_all-13,774.251,
UID_45_10_2_all-9,1355.69,
UID_45_10_3_all-17,723.436,
UID_45_10_4_all-11,728.283,
UID_45_10_5_all-16,824.513,
UID_45_11_1_all-15,841.168,
UID_45_11_2_all-20,718.336,
UID_45_11_3_all-17,885.873,
UID_45_11_4_all-14,827.833,
UID_45_11_5_all-9,768.559,
UID_45_12_1_all-13,782.514,
UID_45_12_2_all-20,853.288,
UID_45_12_3_all-21,1374.7,
UID_45_12_4_all-16,787.921,
UID_45_12_5_all-17,824.835,
UID_45_13_1_all-12,739.059,
UID_45_13_2_all-15,744.225,
UID_45_13_3_all-12,1628.83,
UID_45_13_4_all-17,888.623,
UID_45_13_5_all-17,732.228,
UID_45_13_6_all-15,755.923,
UID_45_14_1_all-21,837.523,
UID_45_14_2_all-12,795.027,
UID_45_14_3_all-20,828.123,
UID_45_14_4_all-15,732.202,
UID_45_14_5_all-11,971.686,
UID_45_15_1_all-9,1618.81,
UID_45_15_2_all-18,905.387,
UID_45_15_3_all-23,945.485,
UID_45_15_4_all-13,772.666,
UID_45_15_5_all-19,1369.7,
UID_45_16_1_all-22,1624.8,
UID_45_16_2_all-18,690.677,
UID_45_16_3_all-19,1280.24,
UID_45_16_4_all-14,1617.66,
UID_45_16_5_all-11,1007.88,
UID_45_17_1_all-15,1000.8,
UID_45_17_2_all-15,793.565,
UID_45_17_3_all-17,911.888,
UID_45_17_4_all-20,772.69,
UID_45_17_5_all-18,758.661,
UID_45_17_6_all-9,705.514,
UID_45_17_7_all-17,917.619,
UID_45_18_1_all-14,1381.79,
UID_45_18_2_all-22,809.154,
UID_45_18_3_all-24,763.876,
UID_45_18_4_all-11,1299.02,
UID_45_18_5_all-17,660.314,
UID_45_18_6_all-4,711.945,
UID_45_18_7_all-12,783.24,
UID_45_19_1_all-16,726.889,
UID_45_19_2_all-17,772.913,
UID_45_19_3_all-15,764.188,
UID_45_19_4_all-10,803.054,
UID_45_2_1_all-12,961.489,
UID_45_2_2_all-24,700.524,
UID_45_2_3_all-19,732.906,
UID_45_2_4_all-27,818.734,
UID_45_20_1_all-10,679.426,
UID_45_20_2_all-22,945.195,
UID_45_20_3_all-23,805.05,
UID_45_20_4_all-16,760.091,
UID_45_20_5_all-9,720.726,
UID_45_20_6_all-14,781.756,
UID_45_21_1_all-24,787.748,
UID_45_21_2_all-13,774.741,
UID_45_22_1_all-11,812.957,
UID_45_22_3_all-12,1008.94,
UID_45_22_4_all-20,686.423,
UID_45_22_5_all-8,1215.9,
UID_45_23_1_all-27,801.961,
UID_45_23_10_all-8,1058.51,
UID_45_23_11_all-11,1068.03,
UID_45_23_12_all-4,984.63,
UID_45_23_13_all-3,1005.06,
UID_45_23_14_all-14,803.721,
UID_45_23_2_all-19,726.029,
UID_45_23_3_all-20,1012.72,
UID_45_23_4_all-19,1139.51,
UID_45_23_5_all-21,699.041,
UID_45_23_6_all-11,1737.43,
UID_45_23_7_all-21,852.246,
UID_45_23_8_all-10,1475.52,
UID_45_23_9_all-15,707.338,
UID_45_24_1_all-7,679.252,
UID_45_24_10_all-13,693.015,
UID_45_24_11_all-6,1618.58,
UID_45_24_12_all-10,1054.14,
UID_45_24_13_all-15,943.482,
UID_45_24_2_all-12,845.17,
UID_45_24_3_all-15,824.806,
UID_45_24_4_all-18,756.794,
UID_45_24_5_all-18,728.879,
UID_45_24_6_all-7,833.044,
UID_45_24_7_all-22,805.48,
UID_45_24_8_all-11,673.831,
UID_45_24_9_all-10,739.321,
UID_45_25_1_all-11,740.664,
UID_45_25_10_all-9,789.991,
UID_45_25_11_all-5,1186.18,
UID_45_25_12_all-24,700.051,
UID_45_25_13_all-9,715.605,
UID_45_25_2_all-13,693.024,
UID_45_25_3_all-6,1539.72,
UID_45_25_4_all-10,1061.57,
UID_45_25_5_all-8,785.711,
UID_45_25_6_all-15,685.857,
UID_45_25_7_all-15,1209.62,
UID_45_25_8_all-12,714.537,
UID_45_25_9_all-19,673.679,
UID_45_26_1_all-13,1014.68,
UID_45_26_2_all-11,907.699,
UID_45_26_3_all-19,717.17,
UID_45_26_4_all-17,708.726,
UID_45_26_5_all-6,802.301,
UID_45_26_6_all-21,758.687,
UID_45_27_1_all-17,1399.8,
UID_45_27_2_all-9,659.849,
UID_45_27_3_all-36,1157.43,
UID_45_27_4_all-4,924.377,
UID_45_27_5_all-17,1051.31,
UID_45_27_6_all-10,1230.21,
UID_45_28_1_all-15,785.228,
UID_45_28_2_all-31,824.412,
UID_45_28_3_all-17,747.954,
UID_45_28_4_all-10,674.862,
UID_45_28_5_all-12,750.67,
UID_45_28_6_all-6,688.326,
UID_45_28_7_all-13,972.239,
UID_45_28_8_all-19,666.288,
UID_45_28_9_all-12,650.593,
UID_45_29_1_all-17,1003.43,
UID_45_29_10_all-6,712.088,
UID_45_29_11_all-19,727.952,
UID_45_29_2_all-10,738.779,
UID_45_29_3_all-12,790.919,
UID_45_29_4_all-9,660.349,
UID_45_29_5_all-22,850.785,
UID_45_29_6_all-8,893.59,
UID_45_29_7_all-15,673.633,
UID_45_29_8_all-5,701.527,
UID_45_29_9_all,726.502,
UID_45_3_1_all-15,1040.31,
UID_45_3_2_all-30,1216.03,
UID_45_3_3_all-18,738.495,
UID_45_30_1_all-21,798.642,
UID_45_30_10_all-10,677.018,
UID_45_30_2_all-11,1678.32,
UID_45_30_3_all-13,681.073,
UID_45_30_4_all-31,809.352,
UID_45_30_5_all-15,783.013,
UID_45_30_6_all-10,853.145,
UID_45_30_7_all-6,1273.42,
UID_45_30_8_all-12,710.128,
UID_45_30_9_all-12,722.784,
UID_45_31_1_all-12,733.412,
UID_45_31_10_all-17,1051.81,
UID_45_31_11_all-9,696.651,
UID_45_31_12_all-14,759.139,
UID_45_31_13_all-10,904.357,
UID_45_31_2_all-14,851.748,
UID_45_31_3_all-7,1099.81,
UID_45_31_4_all-12,664.428,
UID_45_31_5_all-7,941.147,
UID_45_31_6_all-13,891.188,
UID_45_31_7_all-7,706.535,
UID_45_31_8_all-15,668.095,
UID_45_31_9_all-19,1189.24,
UID_45_32_1_all-14,699.805,
UID_45_32_2_all-23,699.389,
UID_45_32_3_all-11,662.961,
UID_45_32_4_all-23,648.476,
UID_45_32_5_all-3,765.338,
UID_45_32_6_all-20,1158.33,
UID_45_33_1_all-12,1418.43,
UID_45_33_10_all-11,866.924,
UID_45_33_11_all-4,743.834,
UID_45_33_12_all-10,819.272,
UID_45_33_13_all-19,719.442,
UID_45_33_14_all-13,1027.82,
UID_45_33_15_all-5,731.854,
UID_45_33_16_all-6,770.933,
UID_45_33_17_all-6,799.566,
UID_45_33_18_all-8,787.398,
UID_45_33_2_all-14,821.927,
UID_45_33_3_all-21,1186.48,
UID_45_33_4_all-11,1928.35,
UID_45_33_5_all-8,1118.79,
UID_45_33_6_all-16,758.859,
UID_45_33_7_all-11,1195.82,
UID_45_33_8_all-3,1042.89,
UID_45_33_9_all-22,749.207,
UID_45_34_1_all-13,810.679,
UID_45_34_10_all-12,793.838,
UID_45_34_11_all-17,669.046,
UID_45_34_12_all-16,690.949,
UID_45_34_13_all-17,781.82,
UID_45_34_14_all-16,724.778,
UID_45_34_2_all-12,661.368,
UID_45_34_3_all-18,669.407,
UID_45_34_4_all-6,1053.91,
UID_45_34_5_all-38,879.344,
UID_45_34_6_all-18,784.922,
UID_45_34_7_all-17,786.807,
UID_45_34_8_all-28,822.567,
UID_45_34_9_all-23,769.035,
UID_45_35_1_all-22,1480.92,
UID_45_35_10_all-9,894.327,
UID_45_35_11_all-13,702.024,
UID_45_35_12_all-8,691.236,
UID_45_35_13_all-7,762.378,
UID_45_35_14_all-2,96.281,
UID_45_35_15_all-25,1056.77,
UID_45_35_2_all-19,684.628,
UID_45_35_4_all-8,678.419,
UID_45_35_5_all-10,890.324,
UID_45_35_6_all-15,777.882,
UID_45_35_7_all-11,747.323,
UID_45_35_8_all-2,696.22,
UID_45_35_9_all-12,552.668,
UID_45_4_1_all-12,913.382,
UID_45_4_2_all-17,962.752,
UID_45_5_1_all-18,1049.37,
UID_45_5_2_all-14,715.752,
UID_45_6_1_all-18,708.69,
UID_45_6_2_all-9,846.398,
UID_45_7_1_all-17,675.988,
UID_45_7_2_all-15,730.257,
UID_45_7_3_all-20,710.857,
UID_45_7_4_all-17,690.317,
UID_45_7_5_all-11,804.829,
UID_45_7_6_all-16,779.518,
UID_45_8_1_all-16,757.908,
UID_45_8_2_all-6,888.109,
UID_45_8_3_all-20,1068,
UID_45_8_4_all-3,815.377,
UID_45_9_1_all-18,727.944,
UID_45_9_2_all-20,752.824,
UID_45_9_3_all-10,708.979,
UID_45_9_4_all-15,748.857,
UID_45_9_5_all-8,833.971,
UID_45_9_6_all-8,1048.82,
UID_45_9_7_all-14,703.715,
UID_48_1_1_all-20,710.699,
UID_48_1_2_all-12,633.994,
UID_48_10_1_all-17,1337.83,
UID_48_10_2_all-17,1202.82,
UID_48_10_3_all-17,601.413,
UID_48_10_4_all-20,686.007,
UID_48_10_5_all-17,799.871,
UID_48_10_6_all-32,850.495,
UID_48_10_7_all-13,810.04,
UID_48_10_8_all-17,789.878,
UID_48_10_9_all-10,660.93,
UID_48_11_1_all-7,1183.79,
UID_48_11_10_all-9,582.896,
UID_48_11_2_all-17,661.528,
UID_48_11_3_all-9,749.719,
UID_48_11_4_all-28,681.148,
UID_48_11_5_all-26,779.488,
UID_48_11_6_all-21,685.314,
UID_48_11_7_all-26,681.834,
UID_48_11_8_all-10,617.103,
UID_48_11_9_all-19,648.713,
UID_48_12_1_all-4,597.652,
UID_48_12_2_all-22,727.978,
UID_48_12_3_all-6,619.466,
UID_48_12_4_all-15,644.633,
UID_48_12_5_all-5,597.175,
UID_48_12_6_all-4,555.652,
UID_48_12_7_all-4,707.629,
UID_48_12_8_all-14,695.426,
UID_48_12_9_all-13,332.842,
UID_48_13_1_all-6,593.411,
UID_48_13_2_all-20,725.15,
UID_48_13_3_all-17,610.447,
UID_48_13_4_all-16,639.284,
UID_48_13_5_all-14,692.009,
UID_48_13_6_all-2,666.306,
UID_48_14_1_all-34,703.743,
UID_48_14_2_all-20,647.359,
UID_48_14_3_all-16,777.785,
UID_48_14_4_all-17,659.325,
UID_48_14_5_all-22,708.455,
UID_48_14_6_all-10,656.653,
UID_48_15_1_all-20,836.674,
UID_48_15_2_all-26,710.895,
UID_48_15_3_all-15,758.617,
UID_48_15_4_all-14,583.31,
UID_48_15_5_all-21,702.985,
UID_48_15_6_all-23,703.871,
UID_48_15_7_all-4,653.101,
UID_48_16_1_all-19,632.376,
UID_48_16_2_all-20,812.138,
UID_48_16_3_all-36,807.797,
UID_48_16_4_all-31,704.038,
UID_48_16_5_all-18,677.569,
UID_48_17_1_all-3,617.879,
UID_48_17_2_all-5,599.879,
UID_48_17_3_all-4,772.887,
UID_48_17_4_all-5,609.548,
UID_48_17_5_all-21,654.352,
UID_48_17_6_all-22,792.065,
UID_48_18_1_all-21,945.753,
UID_48_18_2_all-15,793.541,
UID_48_18_3_all-13,611.248,
UID_48_18_4_all-18,692.286,
UID_48_18_5_all-3,671.212,
UID_48_18_6_all-22,766.666,
UID_48_18_7_all-20,692.948,
UID_48_18_8_all-2,1316.62,
UID_48_19_1_all-3,1113.34,
UID_48_19_2_all-30,651.275,
UID_48_19_3_all-34,746.072,
UID_48_19_4_all-19,758.186,
UID_48_19_5_all-17,944.83,
UID_48_19_6_all-20,641.908,
UID_48_19_7_all-19,634.935,
UID_48_19_8_all-14,670.69,
UID_48_2_1_all-26,761.772,
UID_48_2_10_all-11,683.174,
UID_48_2_11_all-3,668.646,
UID_48_2_2_all-2,45.1268,
UID_48_2_3_all-20,701.697,
UID_48_2_4_all-4,621.986,
UID_48_2_5_all-7,609.624,
UID_48_2_6_all-8,729.869,
UID_48_2_7_all-28,732.627,
UID_48_2_8_all-22,771.878,
UID_48_2_9_all-10,755.605,
UID_48_20_1_all-9,609.405,
UID_48_20_10_all-22,739.2,
UID_48_20_11_all-24,945.422,
UID_48_20_12_all-28,710.625,
UID_48_20_2_all-16,613.62,
UID_48_20_3_all-4,817.01,
UID_48_20_4_all-3,616.738,
UID_48_20_5_all-17,639.784,
UID_48_20_6_all-25,714.83,
UID_48_20_7_all-10,654.418,
UID_48_20_8_all-25,698.655,
UID_48_20_9_all-4,559.794,
UID_48_21_1_all-15,1110.32,
UID_48_21_2_all-5,669.135,
UID_48_21_3_all-16,811.556,
UID_48_21_4_all-16,723.245,
UID_48_21_5_all-26,708.134,
UID_48_21_6_all-16,705.869,
UID_48_21_7_all-20,687.308,
UID_48_21_8_all-15,716.659,
UID_48_22_1_all-33,1310.3,
UID_48_22_2_all-21,649.403,
UID_48_22_3_all-14,642.127,
UID_48_22_4_all-7,620.211,
UID_48_22_5_all-33,770.444,
UID_48_22_6_all-36,800.12,
UID_48_23_1_all-23,713.529,
UID_48_23_2_all-15,629.943,
UID_48_23_3_all-32,773.718,
UID_48_23_4_all-43,790.978,
UID_48_23_5_all-34,1165.74,
UID_48_23_6_all-20,677.681,
UID_48_23_7_all-24,667.992,
UID_48_24_1_all-27,756.956,
UID_48_24_2_all-16,628.457,
UID_48_24_3_all-15,711.574,
UID_48_24_4_all-25,700.362,
UID_48_24_5_all-22,707.288,
UID_48_24_6_all-2,761.785,
UID_48_24_7_all-30,668.34,
UID_48_25_1_all-21,754.662,
UID_48_25_10_all-8,699.89,
UID_48_25_2_all-17,630.471,
UID_48_25_3_all-10,1101.75,
UID_48_25_4_all-5,639.535,
UID_48_25_5_all-4,723.883,
UID_48_25_6_all-4,582.397,
UID_48_25_7_all-24,755.625,
UID_48_25_8_all-3,758.085,
UID_48_25_9_all-21,671.201,
UID_48_26_1_all-28,698.172,
UID_48_26_2_all-22,700.241,
UID_48_26_3_all-36,635.418,
UID_48_26_4_all-15,754.379,
UID_48_26_5_all-8,656.698,
UID_48_26_6_all-13,636.222,
UID_48_26_7_all-16,717.829,
UID_48_27_1_all-7,858.589,
UID_48_27_2_all-2,852.103,
UID_48_27_3_all-2,594.129,
UID_48_27_4_all-4,590.349,
UID_48_27_5_all-20,993.793,
UID_48_27_6_all-23,668.386,
UID_48_27_7_all-6,616.28,
UID_48_27_8_all-23,657.222,
UID_48_27_9_all-3,583.559,
UID_48_28_1_all-23,643.965,
UID_48_28_10_all-40,831.057,
UID_48_28_11_all-24,676.955,
UID_48_28_2_all-43,655.32,
UID_48_28_3_all-21,677.181,
UID_48_28_4_all-13,767.707,
UID_48_28_5_all-15,616.666,
UID_48_28_6_all-15,735.558,
UID_48_28_7_all-3,720.682,
UID_48_28_8_all-25,641.061,
UID_48_28_9_all-29,792.994,
UID_48_29_1_all-4,533.386,
UID_48_29_10_all-13,620.627,
UID_48_29_11_all-17,666.793,
UID_48_29_2_all-10,586.692,
UID_48_29_3_all-5,682.941,
UID_48_29_4_all-5,852.217,
UID_48_29_5_all-5,594.474,
UID_48_29_6_all-3,585.313,
UID_48_29_7_all-16,640.962,
UID_48_29_8_all-25,673.421,
UID_48_29_9_all-4,590.208,
UID_48_3_1_all-11,648.566,
UID_48_3_2_all-5,679.818,
UID_48_3_3_all-3,1168,
UID_48_3_4_all-10,612.29,
UID_48_3_5_all-5,637.977,
UID_48_3_6_all-12,668.579,
UID_48_3_7_all-15,676.779,
UID_48_30_1_all-5,651.416,
UID_48_30_10_all-33,642.416,
UID_48_30_2_all-12,656.508,
UID_48_30_3_all-13,637.393,
UID_48_30_4_all-28,679.594,
UID_48_30_5_all-15,616.959,
UID_48_30_6_all-11,586.136,
UID_48_30_7_all-2,540.69,
UID_48_30_8_all-31,677.136,
UID_48_30_9_all-3,642.121,
UID_48_31_1_all-6,1025.83,
UID_48_31_2_all-2,855.184,
UID_48_31_3_all-2,899.718,
UID_48_31_4_all-2,603.784,
UID_48_31_5_all-25,712.592,
UID_48_31_6_all-8,669.804,
UID_48_31_7_all-5,1271.28,
UID_48_31_8_all-3,604.168,
UID_48_31_9_all-5,634.957,
UID_48_32_1_all-8,880.322,
UID_48_32_2_all-4,670.827,
UID_48_33_1_all-3,756.5,
UID_48_33_10_all-10,610.585,
UID_48_33_2_all-5,804.863,
UID_48_33_3_all-28,686.326,
UID_48_33_4_all-10,668.386,
UID_48_33_5_all-10,605.275,
UID_48_33_6_all-10,645.884,
UID_48_33_7_all-23,602.807,
UID_48_33_8_all-29,777.803,
UID_48_33_9_all-7,603.557,
UID_48_34_1_all-16,677.186,
UID_48_34_2_all-28,820.821,
UID_48_34_3_all-18,978.53,
UID_48_34_4_all-19,697.293,
UID_48_34_5_all-16,639.255,
UID_48_35_1_all-3,606.13,
UID_48_35_2_all-6,668.322,
UID_48_35_3_all-5,1296.88,
UID_48_35_4_all-8,724.042,
UID_48_35_5_all-22,655.807,
UID_48_35_6_all-19,642.012,
UID_48_35_7_all-3,610.995,
UID_48_35_8_all-12,633.088,
UID_48_36_1_all-2,645.207,
UID_48_36_2_all-6,725.617,
UID_48_4_1_all-6,720.262,
UID_48_4_2_all-12,759.183,
UID_48_4_3_all-7,765.101,
UID_48_4_4_all-9,1167.32,
UID_48_4_5_all-7,629.081,
UID_48_4_6_all-24,835.514,
UID_48_5_1_all-19,679.915,
UID_48_5_2_all-12,665.871,
UID_48_5_3_all-30,705.156,
UID_48_5_4_all-23,682.901,
UID_48_5_5_all-25,737.714,
UID_48_5_6_all-20,693.346,
UID_48_5_7_all-31,790.781,
UID_48_6_1_all-5,632.549,
UID_48_6_2_all-9,663.389,
UID_48_6_3_all-20,698.904,
UID_48_6_4_all-16,657.052,
UID_48_6_5_all-21,669.249,
UID_48_6_6_all-19,716.573,
UID_48_7_1_all-4,599.597,
UID_48_7_2_all,282.015,
UID_48_7_3_all-11,715.993,
UID_48_7_4_all-7,664.359,
UID_48_7_5_all-5,610.666,
UID_48_8_1_all-11,619.763,
UID_48_8_2_all-4,591.991,
UID_48_8_3_all-2,583.818,
UID_48_8_4_all-2,579.765,
UID_48_9_1_all-24,660.158,
UID_48_9_10_all-23,707.392,
UID_48_9_11_all-8,666.527,
UID_48_9_12_all-27,645.379,
UID_48_9_2_all-14,747.631,
UID_48_9_3_all-11,625.013,
UID_48_9_4_all-33,778.267,
UID_48_9_5_all-19,666.013,
UID_48_9_6_all-27,644.848,
UID_48_9_7_all-13,600.624,
UID_48_9_8_all-40,601.36,
UID_48_9_9_all-25,697.042,
UID_5_1_1_all-5,525.805,
UID_5_1_2_all-2,615.835,
UID_5_1_3_all-23,738.729,
UID_5_1_4_all-13,530.203,
UID_5_10_1_all-2,740.947,
UID_5_10_2_all-4,502.508,
UID_5_10_3_all-8,726.034,
UID_5_10_4_all-3,588.691,
UID_5_11_1_all-4,679.304,
UID_5_11_2_all-2,545.4,
UID_5_11_3_all-5,570.849,
UID_5_11_4_all-11,504.756,
UID_5_11_5_all-4,484.786,
UID_5_11_6_all-26,616.935,
UID_5_12_1_all-3,702.239,
UID_5_12_2_all-3,555.826,
UID_5_12_3_all-3,635.09,
UID_5_12_4_all-13,959.219,
UID_5_13_1_all-9,527.836,
UID_5_13_2_all-10,700.061,
UID_5_13_3_all-6,554.603,
UID_5_13_4_all-6,656.203,
UID_5_14_1_all-2,516.951,
UID_5_14_2_all-9,528.982,
UID_5_14_3_all-7,649.391,
UID_5_14_4_all-2,583.738,
UID_5_15_1_all-10,711.789,
UID_5_15_2_all-2,542.338,
UID_5_15_3_all-2,569.12,
UID_5_16_1_all-3,703.354,
UID_5_16_2_all-6,631.432,
UID_5_17_1_all-4,687.003,
UID_5_17_2_all-10,673.013,
UID_5_17_3_all-3,609.628,
UID_5_18_1_all-13,627.721,
UID_5_18_2_all-12,892.196,
UID_5_18_3_all-3,644.768,
UID_5_18_4_all-3,544.077,
UID_5_18_5_all-9,724.221,
UID_5_19_1_all,91.3076,
UID_5_19_2_all-2,1103.01,
UID_5_2_1_all-2,592.372,
UID_5_20_1_all-2,546.178,
UID_5_20_2_all-7,604.963,
UID_5_21_1_all-29,774.646,
UID_5_21_2_all,573.745,
UID_5_22_1_all-2,570.322,
UID_5_22_2_all-6,623.156,
UID_5_24_1_all-2,546.113,
UID_5_25_1_all-2,545.808,
UID_5_25_2_all-2,691.084,
UID_5_25_3_all-15,805.233,
UID_5_25_4_all-4,627.18,
UID_5_25_5_all-4,565.446,
UID_5_25_6_all,727.676,
UID_5_26_1_all-15,772.596,
UID_5_26_2_all-22,813.444,
UID_5_26_3_all-2,531.426,
UID_5_27_1_all-2,611.224,
UID_5_27_2_all-9,639.748,
UID_5_27_3_all-4,670.908,
UID_5_27_4_all-2,90.4099,
UID_5_28_1_all-5,653.671,
UID_5_28_2_all-16,619.955,
UID_5_28_3_all-42,763.884,
UID_5_28_4_all-13,626.42,
UID_5_28_5_all-15,583.415,
UID_5_29_1_all-14,789.214,
UID_5_29_2_all-2,805.208,
UID_5_29_3_all-4,587.501,
UID_5_29_4_all-11,683.415,
UID_5_29_5_all-11,639.209,
UID_5_3_1_all-2,603.605,
UID_5_3_2_all-2,518.226,
UID_5_3_3_all-2,537.992,
UID_5_3_4_all-3,676.754,
UID_5_30_1_all-4,598.791,
UID_5_30_2_all-10,731.005,
UID_5_31_1_all-2,801.14,
UID_5_31_2_all-3,686.764,
UID_5_32_1_all-4,696.168,
UID_5_32_2_all-2,644.358,
UID_5_33_1_all-2,555.724,
UID_5_33_2_all-5,733.097,
UID_5_34_1_all-2,545.269,
UID_5_34_2_all-2,549.407,
UID_5_34_3_all-11,673.925,
UID_5_34_4_all-5,719.238,
UID_5_35_1_all-13,675.036,
UID_5_35_2_all-5,596.342,
UID_5_35_3_all-11,739.489,
UID_5_4_1_all-2,659.821,
UID_5_4_2_all-2,524.517,
UID_5_5_1_all-2,508.835,
UID_5_5_2_all-6,589.031,
UID_5_5_3_all-4,601.951,
UID_5_5_4_all-3,505.647,
UID_5_5_5_all-10,610.464,
UID_5_5_6_all-2,503.227,
UID_5_6_1_all-2,761.986,
UID_5_6_2_all-8,675.537,
UID_5_7_1_all-7,741.077,
UID_5_7_2_all-7,640.443,
UID_5_7_3_all-5,688.001,
UID_5_8_1_all-13,677.776,
UID_5_8_2_all-6,572.903,
UID_5_8_3_all-10,738.458,
UID_5_8_4_all-10,596.03,
UID_5_8_5_all-10,741.41,
UID_5_9_1_all-2,566.42,
UID_5_9_2_all-2,577.459,
UID_5_9_3_all-4,497.02,
UID_50_1_1_all-12,651.379,
UID_50_1_10_all-28,803.069,
UID_50_1_2_all-21,683.908,
UID_50_1_3_all-17,671.39,
UID_50_1_4_all-21,683.801,
UID_50_1_5_all-18,702.574,
UID_50_1_6_all-4,562.524,
UID_50_1_7_all-13,617.477,
UID_50_1_8_all-20,640.477,
UID_50_1_9_all-8,690.457,
UID_50_10_1_all-32,790.184,
UID_50_10_2_all-16,694.962,
UID_50_10_3_all-26,731.522,
UID_50_10_4_all-26,693.815,
UID_50_10_5_all-30,730.378,
UID_50_11_1_all-21,952.002,
UID_50_11_10_all-28,809.195,
UID_50_11_11_all-9,598.529,
UID_50_11_2_all-3,578.646,
UID_50_11_3_all-18,1613.38,
UID_50_11_4_all-20,675.172,
UID_50_11_5_all-22,809.472,
UID_50_11_6_all-22,635.251,
UID_50_11_7_all-25,693.996,
UID_50_11_8_all-25,648.817,
UID_50_11_9_all-15,683.377,
UID_50_12_1_all-12,618.506,
UID_50_12_2_all-11,1629.33,
UID_50_12_3_all-16,714.864,
UID_50_12_4_all-19,675.062,
UID_50_12_5_all-11,1080.73,
UID_50_12_6_all-19,676.531,
UID_50_12_7_all-16,723.839,
UID_50_13_1_all-7,1176.07,
UID_50_13_2_all-22,686.585,
UID_50_13_3_all-14,1205.39,
UID_50_13_4_all-10,810.272,
UID_50_13_5_all-27,753.69,
UID_50_14_1_all-5,638.03,
UID_50_14_2_all-21,696.051,
UID_50_14_3_all-10,666.651,
UID_50_14_4_all-6,1228.88,
UID_50_14_5_all-16,712.533,
UID_50_14_6_all-20,726.573,
UID_50_14_7_all-19,661.554,
UID_50_15_1_all-28,774.751,
UID_50_15_10_all-20,678.063,
UID_50_15_11_all-19,666.735,
UID_50_15_12_all-20,723.982,
UID_50_15_13_all-12,650.353,
UID_50_15_2_all-27,661.722,
UID_50_15_3_all-30,714.058,
UID_50_15_4_all-11,606.019,
UID_50_15_5_all-21,603.206,
UID_50_15_6_all-4,573.429,
UID_50_15_7_all-28,703.141,
UID_50_15_8_all-14,634.697,
UID_50_15_9_all-20,774.059,
UID_50_16_1_all-33,635.114,
UID_50_16_2_all-4,160.608,
UID_50_16_3_all-20,619.932,
UID_50_16_4_all-20,713.981,
UID_50_16_5_all-9,1195.12,
UID_50_16_6_all-25,1476,
UID_50_16_7_all-10,589.987,
UID_50_16_8_all-29,659.98,
UID_50_17_1_all-16,691.79,
UID_50_17_2_all-34,836.216,
UID_50_17_3_all-9,776.673,
UID_50_17_4_all-4,1022.31,
UID_50_17_5_all-21,1361.98,
UID_50_17_6_all-5,627.593,
UID_50_17_7_all-18,780.704,
UID_50_17_8_all-13,666.352,
UID_50_18_1_all-33,762.282,
UID_50_18_2_all-23,765.268,
UID_50_18_3_all-10,675.345,
UID_50_18_4_all-6,613.407,
UID_50_18_5_all-22,714.913,
UID_50_18_6_all-17,659.668,
UID_50_18_7_all-25,757.21,
UID_50_19_1_all,1359.74,
UID_50_19_10_all-22,754.381,
UID_50_19_11_all-3,603.499,
UID_50_19_12_all,977.908,
UID_50_19_13_all-3,1072.87,
UID_50_19_14_all-25,739.347,
UID_50_19_2_all-8,980.78,
UID_50_19_3_all-11,687.882,
UID_50_19_4_all-20,611.144,
UID_50_19_5_all-18,739.49,
UID_50_19_6_all-8,1150.7,
UID_50_19_7_all-8,590.064,
UID_50_19_9_all-11,1010.75,
UID_50_2_1_all-14,704.132,
UID_50_2_10_all-28,628.214,
UID_50_2_2_all-11,577.55,
UID_50_2_3_all-7,623.54,
UID_50_2_4_all-14,621.534,
UID_50_2_5_all-9,641.087,
UID_50_2_6_all-21,683.773,
UID_50_2_7_all-20,641.041,
UID_50_2_8_all-12,673.233,
UID_50_2_9_all-20,610.609,
UID_50_20_1_all-19,602.632,
UID_50_20_2_all-29,692.349,
UID_50_20_3_all-27,654.074,
UID_50_20_4_all-13,628.029,
UID_50_20_5_all-23,624.644,
UID_50_20_6_all-5,613.078,
UID_50_20_7_all-31,831.858,
UID_50_20_8_all-28,790.856,
UID_50_20_9_all-32,796.203,
UID_50_21_1_all-6,595.082,
UID_50_21_2_all-13,688.147,
UID_50_21_3_all-12,617.959,
UID_50_21_4_all-17,710.392,
UID_50_21_5_all-27,853.275,
UID_50_21_6_all-21,658.289,
UID_50_21_7_all-13,618.806,
UID_50_21_8_all-3,599.024,
UID_50_22_1_all-15,643.515,
UID_50_22_2_all-18,668.397,
UID_50_22_3_all-28,813.738,
UID_50_22_4_all-19,599.802,
UID_50_22_5_all-12,678.19,
UID_50_22_6_all-24,706.067,
UID_50_22_7_all-12,671.437,
UID_50_23_1_all-8,582.014,
UID_50_23_2_all-32,829.116,
UID_50_23_3_all-28,719.536,
UID_50_23_4_all-23,798.636,
UID_50_23_5_all-25,655.964,
UID_50_23_6_all-12,645.114,
UID_50_23_7_all-23,771.54,
UID_50_24_1_all-15,682.599,
UID_50_24_2_all-13,584.526,
UID_50_24_3_all-19,625.526,
UID_50_24_4_all-17,631.145,
UID_50_24_5_all-6,574.535,
UID_50_24_6_all-22,650.76,
UID_50_24_7_all-22,802.189,
UID_50_24_8_all-35,793.44,
UID_50_24_9_all-32,1718.13,
UID_50_25_1_all-3,705.112,
UID_50_25_2_all-10,724.541,
UID_50_25_3_all-11,746.712,
UID_50_26_1_all-16,739.8,
UID_50_26_10_all-28,650.301,
UID_50_26_2_all-17,651.768,
UID_50_26_3_all-21,712.803,
UID_50_26_4_all-11,605.112,
UID_50_26_5_all-11,641.47,
UID_50_26_6_all-23,784.401,
UID_50_26_7_all-12,651.035,
UID_50_26_8_all-23,716.562,
UID_50_26_9_all-23,735.563,
UID_50_27_1_all-24,677.49,
UID_50_27_2_all-17,779.285,
UID_50_27_3_all-7,648.913,
UID_50_27_4_all-24,1346.01,
UID_50_27_5_all-15,697.259,
UID_50_27_6_all-26,840.991,
UID_50_28_1_all-18,1144,
UID_50_28_2_all-9,718.068,
UID_50_28_3_all-35,746.683,
UID_50_28_4_all-15,738.197,
UID_50_28_5_all-32,828.668,
UID_50_28_6_all-8,1192.66,
UID_50_28_7_all-22,674.164,
UID_50_28_8_all-29,794.998,
UID_50_29_1_all-17,827.607,
UID_50_29_2_all-16,933.278,
UID_50_29_3_all-13,683.329,
UID_50_29_4_all-14,1449.31,
UID_50_29_5_all-27,802.026,
UID_50_29_6_all-5,645.743,
UID_50_29_7_all-14,727.01,
UID_50_29_8_all-10,659.025,
UID_50_29_9_all-5,617.256,
UID_50_3_1_all-3,627.304,
UID_50_3_2_all-4,1132.64,
UID_50_3_3_all-21,675.374,
UID_50_3_4_all-18,1296.94,
UID_50_3_5_all-7,777.914,
UID_50_3_6_all-10,1363.66,
UID_50_3_7_all-16,661.893,
UID_50_3_8_all-19,636.535,
UID_50_30_1_all-21,696.816,
UID_50_30_2_all-18,637.386,
UID_50_30_3_all-16,615.231,
UID_50_30_4_all-17,705.479,
UID_50_30_5_all-15,673.576,
UID_50_30_6_all-25,779.784,
UID_50_30_7_all-26,787.971,
UID_50_4_1_all-18,690.645,
UID_50_4_10_all-17,701.067,
UID_50_4_2_all-18,679.42,
UID_50_4_3_all-5,621.969,
UID_50_4_4_all-21,691.864,
UID_50_4_5_all-27,795.887,
UID_50_4_6_all-21,645.741,
UID_50_4_7_all-15,625.681,
UID_50_4_8_all-17,600.619,
UID_50_4_9_all-13,741.343,
UID_50_5_1_all-25,755.441,
UID_50_5_2_all-14,1181.15,
UID_50_5_3_all-20,690.268,
UID_50_5_4_all-19,676.615,
UID_50_5_5_all-19,1078.96,
UID_50_5_6_all-27,692.485,
UID_50_5_7_all-19,714.864,
UID_50_6_1_all-16,690.475,
UID_50_6_2_all-13,658.525,
UID_50_6_3_all-15,678.805,
UID_50_6_4_all-14,732.752,
UID_50_6_5_all-15,707.896,
UID_50_6_6_all-20,808.578,
UID_50_6_7_all-11,641.628,
UID_50_7_1_all-7,584.319,
UID_50_7_10_all-19,631.671,
UID_50_7_2_all-7,585.202,
UID_50_7_3_all-13,770.83,
UID_50_7_4_all-25,695.162,
UID_50_7_5_all-13,607.02,
UID_50_7_6_all-25,626.732,
UID_50_7_7_all-26,715.431,
UID_50_7_8_all-20,666.957,
UID_50_7_9_all-14,588.608,
UID_50_8_1_all-17,685.393,
UID_50_8_2_all-25,731.159,
UID_50_8_3_all-16,695.082,
UID_50_8_4_all-28,701.243,
UID_50_8_5_all-12,709.197,
UID_50_8_6_all-26,794.554,
UID_50_8_7_all-7,677.624,
UID_50_8_8_all-10,647.859,
UID_50_9_1_all-13,618.99,
UID_50_9_2_all-7,791.159,
UID_50_9_3_all-28,678.823,
UID_50_9_4_all-20,672.026,
UID_50_9_5_all-24,783.182,
UID_50_9_6_all-20,818.569,
UID_50_9_7_all-32,799.773,
UID_52_1_1_all-5,726.856,
UID_52_1_10_all-13,682.951,
UID_52_1_11_all-5,646.844,
UID_52_1_12_all-13,633.576,
UID_52_1_13_all-7,638.662,
UID_52_1_14_all-4,679.921,
UID_52_1_15_all-19,672.97,
UID_52_1_2_all-18,668.692,
UID_52_1_3_all-12,620.368,
UID_52_1_4_all-12,613.599,
UID_52_1_5_all-7,794.521,
UID_52_1_6_all-11,641.453,
UID_52_1_7_all-14,626.804,
UID_52_1_8_all-18,618.16,
UID_52_1_9_all,673.599,
UID_52_10_1_all-15,700.966,
UID_52_10_10_all-2,827.597,
UID_52_10_2_all-7,1170.82,
UID_52_10_3_all-13,662.069,
UID_52_10_4_all-13,728.857,
UID_52_10_5_all-16,658.723,
UID_52_10_6_all-5,740.987,
UID_52_10_7_all-10,1054.53,
UID_52_10_8_all-6,731.105,
UID_52_10_9_all-13,675.633,
UID_52_11_1_all-14,747.073,
UID_52_11_2_all-6,971.919,
UID_52_11_3_all-15,746.905,
UID_52_11_4_all-21,699.148,
UID_52_11_5_all-23,686.028,
UID_52_11_6_all-13,1036.65,
UID_52_11_7_all-17,718.219,
UID_52_12_1_all-22,711.245,
UID_52_12_10_all-5,756.459,
UID_52_12_11_all-11,948.625,
UID_52_12_13_all-16,768.122,
UID_52_12_2_all-17,716.49,
UID_52_12_3_all-15,998.196,
UID_52_12_4_all-17,710.246,
UID_52_12_5_all-14,666.949,
UID_52_12_6_all-17,647.567,
UID_52_12_7_all-20,667.437,
UID_52_12_8_all-10,886.172,
UID_52_12_9_all-18,664.642,
UID_52_13_1_all-8,680.045,
UID_52_13_10_all-13,585.27,
UID_52_13_11_all-10,724.242,
UID_52_13_12_all-4,771.62,
UID_52_13_13_all-16,579.011,
UID_52_13_14_all-20,676.14,
UID_52_13_15_all-10,885.539,
UID_52_13_16_all-5,981.575,
UID_52_13_17_all-7,649.394,
UID_52_13_18_all-8,1236.43,
UID_52_13_19_all-4,219.521,
UID_52_13_2_all-9,768.311,
UID_52_13_20_all-6,1157.42,
UID_52_13_21_all-10,666.016,
UID_52_13_3_all-5,751.147,
UID_52_13_4_all,978.483,
UID_52_13_5_all-8,823.675,
UID_52_13_6_all-3,1193.6,
UID_52_13_7_all-11,917.456,
UID_52_13_8_all-4,755.449,
UID_52_13_9_all-6,771.385,
UID_52_14_1_all-4,787.997,
UID_52_14_10_all-16,572.701,
UID_52_14_11_all-10,683.029,
UID_52_14_12_all-13,620.96,
UID_52_14_2_all-9,621.234,
UID_52_14_3_all-8,1012.68,
UID_52_14_4_all,756.635,
UID_52_14_5_all-12,1335.35,
UID_52_14_6_all-17,585.655,
UID_52_14_7_all-5,1030.13,
UID_52_14_8_all-13,596.634,
UID_52_14_9_all-5,962.949,
UID_52_15_1_all-14,1173.61,
UID_52_15_10_all-7,652.363,
UID_52_15_11_all-4,689.881,
UID_52_15_12_all-12,629.539,
UID_52_15_13_all-5,755.586,
UID_52_15_14_all-9,852.165,
UID_52_15_15_all-7,675.521,
UID_52_15_16_all-13,635.554,
UID_52_15_17_all-2,968.704,
UID_52_15_18_all-10,711.946,
UID_52_15_19_all-4,665.929,
UID_52_15_2_all-11,601.374,
UID_52_15_20_all-15,728.512,
UID_52_15_21_all-15,759.786,
UID_52_15_22_all-11,654.649,
UID_52_15_3_all-14,1009.75,
UID_52_15_4_all-7,887.449,
UID_52_15_5_all-17,624.636,
UID_52_15_6_all-5,694.318,
UID_52_15_7_all-8,753.358,
UID_52_15_8_all-3,854.655,
UID_52_15_9_all-6,636.408,
UID_52_16_1_all-11,1204.84,
UID_52_16_10_all-2,392.573,
UID_52_16_11_all-11,819.795,
UID_52_16_12_all-3,726.978,
UID_52_16_2_all-8,555.569,
UID_52_16_3_all-2,700.721,
UID_52_16_4_all,641.181,
UID_52_16_5_all-4,628.029,
UID_52_16_6_all-13,632.261,
UID_52_16_7_all-5,616.502,
UID_52_16_8_all-4,703.394,
UID_52_16_9_all-6,933.98,
UID_52_17_1_all-3,722.504,
UID_52_17_10_all-7,797.233,
UID_52_17_11_all-10,787.582,
UID_52_17_12_all-19,1392.73,
UID_52_17_13_all-2,853.64,
UID_52_17_2_all-3,671.524,
UID_52_17_3_all-11,568.205,
UID_52_17_4_all-16,675.886,
UID_52_17_5_all-11,655.227,
UID_52_17_6_all-15,599.601,
UID_52_17_7_all-13,665.276,
UID_52_17_8_all,1128.52,
UID_52_17_9_all-2,836.725,
UID_52_18_1_all-16,602.327,
UID_52_18_10_all-5,661.797,
UID_52_18_11_all-4,674.749,
UID_52_18_12_all-4,612.469,
UID_52_18_13_all-16,611.932,
UID_52_18_14_all-8,855.018,
UID_52_18_15_all,1071.56,
UID_52_18_2_all-16,573.127,
UID_52_18_3_all-2,693.454,
UID_52_18_4_all-4,795.154,
UID_52_18_5_all-10,779.947,
UID_52_18_6_all-3,851.577,
UID_52_18_7_all-8,611.821,
UID_52_18_8_all-12,1189.03,
UID_52_18_9_all-6,672.954,
UID_52_19_1_all-11,766.441,
UID_52_19_10_all-5,677.156,
UID_52_19_11_all-11,878.029,
UID_52_19_2_all-8,611.088,
UID_52_19_3_all-11,813.826,
UID_52_19_4_all-8,642.822,
UID_52_19_5_all-4,1031.3,
UID_52_19_6_all-14,844.829,
UID_52_19_7_all-5,672.461,
UID_52_19_8_all-3,680.743,
UID_52_19_9_all-6,677.029,
UID_52_2_1_all-22,646.769,
UID_52_2_10_all-9,622.141,
UID_52_2_2_all-14,637.876,
UID_52_2_3_all-17,1681.21,
UID_52_2_4_all,723.042,
UID_52_2_5_all-11,667.64,
UID_52_2_6_all-13,623.752,
UID_52_2_7_all-5,795.673,
UID_52_2_8_all-13,646.827,
UID_52_2_9_all-13,631.389,
UID_52_20_1_all-8,829.982,
UID_52_20_10_all,705.742,
UID_52_20_11_all-4,935.693,
UID_52_20_12_all-9,678.894,
UID_52_20_13_all-7,651.285,
UID_52_20_14_all-19,794.211,
UID_52_20_15_all-24,749.176,
UID_52_20_16_all,835.731,
UID_52_20_17_all-8,761.366,
UID_52_20_18_all-2,1203.12,
UID_52_20_2_all-11,637.65,
UID_52_20_3_all-7,651.077,
UID_52_20_4_all-15,609.967,
UID_52_20_5_all-7,618.216,
UID_52_20_6_all-17,626.073,
UID_52_20_7_all-7,879.511,
UID_52_20_8_all-15,764.015,
UID_52_20_9_all-9,635.619,
UID_52_21_1_all-6,840.397,
UID_52_21_10_all-7,710.902,
UID_52_21_11_all-3,654.781,
UID_52_21_12_all-10,941.161,
UID_52_21_2_all-11,802.148,
UID_52_21_3_all-12,751.813,
UID_52_21_4_all-12,676.78,
UID_52_21_5_all-14,951.322,
UID_52_21_6_all-12,728.743,
UID_52_21_7_all-5,692.269,
UID_52_21_8_all-9,615.646,
UID_52_21_9_all-17,662.24,
UID_52_22_1_all-11,1075.8,
UID_52_22_10_all-3,976.312,
UID_52_22_11_all-9,715.412,
UID_52_22_2_all-14,698.302,
UID_52_22_3_all-9,871.944,
UID_52_22_4_all-7,680.67,
UID_52_22_5_all-7,627.541,
UID_52_22_6_all,644.091,
UID_52_22_7_all-11,613.636,
UID_52_22_8_all-3,618.755,
UID_52_22_9_all-7,618.02,
UID_52_23_1_all-15,1111.98,
UID_52_23_10_all-21,632.431,
UID_52_23_11_all-13,623.979,
UID_52_23_12_all-9,632.428,
UID_52_23_13_all-9,1022.67,
UID_52_23_14_all-21,617.351,
UID_52_23_2_all-21,691.588,
UID_52_23_3_all-14,681.383,
UID_52_23_4_all-7,1207.23,
UID_52_23_5_all-14,675.849,
UID_52_23_6_all-9,651.182,
UID_52_23_7_all-11,646.254,
UID_52_23_8_all-11,657.78,
UID_52_23_9_all-17,698.358,
UID_52_24_1_all-9,815.954,
UID_52_24_10_all-11,732.202,
UID_52_24_11_all,880.679,
UID_52_24_12_all-9,759.227,
UID_52_24_2_all-8,462.028,
UID_52_24_3_all-14,609.866,
UID_52_24_4_all-10,704.066,
UID_52_24_5_all,704.954,
UID_52_24_6_all-3,1042.1,
UID_52_24_7_all-5,678.374,
UID_52_24_8_all-5,652.245,
UID_52_24_9_all-9,794.941,
UID_52_25_1_all-13,665.67,
UID_52_25_10_all-6,688.825,
UID_52_25_11_all-3,644.099,
UID_52_25_12_all-8,691.189,
UID_52_25_13_all-11,638.684,
UID_52_25_14_all-6,617.352,
UID_52_25_15_all-10,625.635,
UID_52_25_16_all-9,867.524,
UID_52_25_17_all-14,607.395,
UID_52_25_18_all-7,765.78,
UID_52_25_2_all-6,708.228,
UID_52_25_3_all-6,789.233,
UID_52_25_4_all-6,654.544,
UID_52_25_5_all-10,669.308,
UID_52_25_6_all-3,1231.1,
UID_52_25_7_all-9,664.509,
UID_52_25_8_all-10,642.685,
UID_52_25_9_all-12,630.398,
UID_52_26_1_all-9,644.712,
UID_52_26_10_all-7,625.982,
UID_52_26_11_all-10,718.706,
UID_52_26_12_all-12,862.004,
UID_52_26_13_all-6,611.936,
UID_52_26_14_all-16,671.716,
UID_52_26_15_all-4,705.897,
UID_52_26_16_all-9,800.705,
UID_52_26_2_all-16,686.796,
UID_52_26_3_all-8,707.769,
UID_52_26_4_all-4,1364.9,
UID_52_26_5_all-5,1193.42,
UID_52_26_6_all-8,567.455,
UID_52_26_7_all-13,672.4,
UID_52_26_8_all-18,986.262,
UID_52_26_9_all-4,856.991,
UID_52_27_1_all-8,671.354,
UID_52_27_10_all-9,1200.97,
UID_52_27_11_all-7,669.784,
UID_52_27_12_all-11,611.051,
UID_52_27_2_all-10,623.239,
UID_52_27_3_all,784.486,
UID_52_27_4_all-13,779.884,
UID_52_27_5_all-8,623.779,
UID_52_27_6_all-4,933.865,
UID_52_27_7_all-2,1064.81,
UID_52_27_8_all,704.732,
UID_52_27_9_all-4,788.344,
UID_52_28_1_all-12,632.802,
UID_52_28_10_all-7,730.799,
UID_52_28_11_all-2,946.083,
UID_52_28_12_all-6,811.86,
UID_52_28_13_all-3,761.73,
UID_52_28_14_all-15,681.065,
UID_52_28_15_all-4,790.854,
UID_52_28_2_all-9,642.666,
UID_52_28_3_all-11,658.772,
UID_52_28_4_all-12,1031.99,
UID_52_28_5_all-19,693.58,
UID_52_28_6_all-8,912.225,
UID_52_28_7_all-8,862.214,
UID_52_28_8_all-12,770.739,
UID_52_28_9_all,925.012,
UID_52_29_1_all-13,752.144,
UID_52_29_10_all-13,515.451,
UID_52_29_2_all-10,681.77,
UID_52_29_3_all-16,1092.42,
UID_52_29_4_all-3,881.548,
UID_52_29_5_all-16,710.136,
UID_52_29_6_all-6,701.464,
UID_52_29_7_all-8,947.098,
UID_52_29_8_all-8,635.702,
UID_52_29_9_all-16,986.628,
UID_52_3_1_all-15,612.108,
UID_52_3_2_all-9,661.42,
UID_52_3_3_all-3,693.089,
UID_52_3_4_all-6,634.178,
UID_52_3_5_all-19,669.832,
UID_52_3_6_all-5,801.857,
UID_52_3_7_all-19,593.225,
UID_52_3_8_all-2,836.006,
UID_52_3_9_all-4,710.11,
UID_52_30_1_all-8,1278.12,
UID_52_30_2_all-10,748.92,
UID_52_30_3_all-9,706.842,
UID_52_30_4_all-17,719.543,
UID_52_30_5_all-5,760.693,
UID_52_30_6_all-13,666.203,
UID_52_31_1_all-10,1074.7,
UID_52_31_2_all-21,665.642,
UID_52_31_3_all-11,721.773,
UID_52_31_4_all-3,737.015,
UID_52_31_5_all-3,824.101,
UID_52_31_6_all-6,718.654,
UID_52_32_1_all-5,1009.06,
UID_52_32_2_all-2,754.974,
UID_52_32_3_all-19,702.292,
UID_52_32_4_all-3,785.162,
UID_52_32_5_all-4,790.042,
UID_52_33_1_all-16,567.026,
UID_52_33_10_all-2,768.091,
UID_52_33_11_all,756.975,
UID_52_33_2_all,660.045,
UID_52_33_3_all,655.387,
UID_52_33_4_all-2,627.373,
UID_52_33_5_all-2,936.79,
UID_52_33_6_all-6,609.942,
UID_52_33_7_all,675.96,
UID_52_33_8_all-6,869.2,
UID_52_33_9_all,743.738,
UID_52_34_1_all-3,758.363,
UID_52_34_10_all-14,744.567,
UID_52_34_2_all-11,924.36,
UID_52_34_3_all-19,634.459,
UID_52_34_4_all-3,677.411,
UID_52_34_5_all-15,1524.81,
UID_52_34_6_all-5,860.326,
UID_52_34_7_all-19,870.309,
UID_52_34_8_all,673.098,
UID_52_34_9_all-13,587.936,
UID_52_35_1_all-11,792.662,
UID_52_35_2_all-9,1025.63,
UID_52_35_3_all-5,797.381,
UID_52_36_1_all-18,649.092,
UID_52_36_2_all-14,645.743,
UID_52_36_4_all-14,802.246,
UID_52_36_5_all-9,798.798,
UID_52_36_6_all-4,732.968,
UID_52_36_7_all-8,717.202,
UID_52_37_1_all-5,630.424,
UID_52_37_10_all-7,967.059,
UID_52_37_2_all-5,632.03,
UID_52_37_3_all-12,683.711,
UID_52_37_4_all-17,713.448,
UID_52_37_5_all-15,1526.34,
UID_52_37_6_all-20,666.379,
UID_52_37_7_all-4,817.754,
UID_52_37_8_all-12,638.069,
UID_52_37_9_all-12,720.42,
UID_52_4_1_all-11,698.985,
UID_52_4_2_all-13,1146.3,
UID_52_4_3_all-14,729.203,
UID_52_4_4_all-19,646.337,
UID_52_5_1_all-2,734.66,
UID_52_5_2_all-2,754.321,
UID_52_5_3_all,769.923,
UID_52_5_4_all-4,1016.36,
UID_52_5_5_all,753.259,
UID_52_5_6_all,1108.81,
UID_52_6_1_all,55.6361,
UID_52_6_2_all-12,614.583,
UID_52_8_1_all-20,908.806,
UID_52_8_10_all-9,740.054,
UID_52_8_11_all-3,699.189,
UID_52_8_12_all-7,851.948,
UID_52_8_13_all-17,876.207,
UID_52_8_14_all-29,775.74,
UID_52_8_2_all-17,635.405,
UID_52_8_3_all-13,832.382,
UID_52_8_4_all-7,1264.81,
UID_52_8_5_all-19,618.443,
UID_52_8_6_all-18,998.353,
UID_52_8_7_all-13,944.334,
UID_52_8_8_all-21,1181.66,
UID_52_8_9_all,746.412,
UID_52_9_1_all-17,876.807,
UID_52_9_10_all-13,924.181,
UID_52_9_2_all-19,773.788,
UID_52_9_3_all-3,803.189,
UID_52_9_4_all-7,743.893,
UID_52_9_5_all-12,650.133,
UID_52_9_6_all-6,758.1,
UID_52_9_7_all-2,749.103,
UID_52_9_8_all-4,799.53,
UID_52_9_9_all-4,782.967,