Contour,Normalized Curvature
UID_H1_1_1_hem-15,48.0794
UID_H1_10_1_hem-19,292.296
UID_H1_11_1_hem-13,44.9328
UID_H1_15_1_hem-4,27.1749
UID_H1_16_1_hem-7,139.119
UID_H1_16_2_hem-10,186.101
UID_H1_19_1_hem-4,37.3443
UID_H1_2_1_hem-5,33.0526
UID_H1_20_1_hem-25,46.6942
UID_H1_21_1_hem-3,25.8559
UID_H1_22_1_hem-2,37.3388
UID_H1_23_1_hem-14,64.9367
UID_H1_25_1_hem-14,39.2034
UID_H1_27_1_hem-11,23.1749
UID_H1_29_1_hem-2,25.8205
UID_H1_3_1_hem-3,32.3458
UID_H1_30_1_hem-36,41.227
UID_H1_31_1_hem-4,34.8954
UID_H1_32_1_hem-27,31.3829
UID_H1_33_1_hem-17,345.776
UID_H1_34_1_hem-26,57.8059
UID_H1_35_1_hem-35,60.6046
UID_H1_36_1_hem-27,89.2626
UID_H1_38_1_hem-5,34.1781
UID_H1_39_1_hem-6,47.1231
UID_H1_40_1_hem-14,34.8533
UID_H1_44_1_hem-15,63.5342
UID_H1_5_1_hem-2,50.8886
UID_H1_6_1_hem-2,52.5106
UID_H1_7_1_hem-19,30.1695
UID_H1_8_1_hem-8,110.483
UID_H1_9_1_hem-25,49.5722
UID_H13_1_1_hem-11,36.5846
UID_H13_1_2_hem-11,25.8994
UID_H13_1_3_hem-7,152.888
UID_H13_1_4_hem-18,23.0895
UID_H13_10_1_hem-11,25.2826
UID_H13_10_2_hem-10,26.5755
UID_H13_11_1_hem-12,30.5858
UID_H13_11_2_hem-14,29.8648
UID_H13_11_3_hem-14,45.2534
UID_H13_11_4_hem-9,30.0909
UID_H13_11_5_hem-12,31.0362
UID_H13_12_1_hem-17,29.7384
UID_H13_12_2_hem-16,44.5736
UID_H13_12_3_hem-9,23.8661
UID_H13_12_4_hem-15,30.8286
UID_H13_13_1_hem-15,55.9984
UID_H13_13_2_hem-3,53.9464
UID_H13_13_3_hem-19,26.3014
UID_H13_13_4_hem-3,23.3888
UID_H13_14_1_hem-8,28.4294
UID_H13_14_2_hem-27,43.2753
UID_H13_15_1_hem-15,26.554
UID_H13_15_2_hem-11,50.9411
UID_H13_15_3_hem-20,29.2057
UID_H13_15_4_hem-10,33.1553
UID_H13_15_5_hem-4,25.517
UID_H13_16_1_hem-22,41.2659
UID_H13_16_2_hem-18,47.0106
UID_H13_17_1_hem-8,43.7313
UID_H13_17_2_hem-6,50.7583
UID_H13_17_3_hem-3,38.7869
UID_H13_17_4_hem-14,40.8252
UID_H13_17_5_hem-11,29.2727
UID_H13_17_6_hem-14,26.1701
UID_H13_17_7_hem-15,31.1945
UID_H13_17_8_hem-16,29.6957
UID_H13_18_1_hem-11,36.2612
UID_H13_18_2_hem-30,25.3105
UID_H13_19_1_hem-5,34.7366
UID_H13_19_2_hem-9,28.43
UID_H13_19_3_hem-7,25.1148
UID_H13_19_4_hem-2,29.7139
UID_H13_19_5_hem-25,34.3164
UID_H13_19_6_hem-7,30.8196
UID_H13_2_1_hem-12,26.7021
UID_H13_2_2_hem-11,30.9808
UID_H13_2_3_hem-6,45.8676
UID_H13_2_4_hem-4,28.4275
UID_H13_2_5_hem-6,30.678
UID_H13_2_6_hem-12,31.4263
UID_H13_2_7_hem-17,32.4027
UID_H13_2_8_hem-9,27.8294
UID_H13_20_1_hem-14,28.2468
UID_H13_20_2_hem-8,32.2735
UID_H13_20_3_hem-4,31.0934
UID_H13_20_4_hem-3,44.2166
UID_H13_21_1_hem-19,33.8311
UID_H13_21_2_hem-18,52.1013
UID_H13_21_3_hem-20,53.8827
UID_H13_21_4_hem-15,32.1861
UID_H13_22_1_hem-5,19.6104
UID_H13_22_2_hem-13,25.9834
UID_H13_23_1_hem-3,28.9615
UID_H13_23_2_hem-5,30.1077
UID_H13_23_3_hem-9,33.2983
UID_H13_23_4_hem-9,22.3836
UID_H13_23_5_hem-5,30.6983
UID_H13_24_1_hem-18,34.741
UID_H13_24_2_hem-11,232.088
UID_H13_24_3_hem-31,84.6549
UID_H13_25_1_hem-26,56.3755
UID_H13_25_2_hem-13,36.3201
UID_H13_25_3_hem-16,31.7581
UID_H13_26_1_hem-11,31.641
UID_H13_26_2_hem-7,28.1552
UID_H13_26_3_hem-5,25.9211
UID_H13_26_4_hem-13,26.8551
UID_H13_26_5_hem-6,30.57
UID_H13_26_6_hem-8,26.6949
UID_H13_27_1_hem-7,26.7065
UID_H13_27_2_hem-2,27.4479
UID_H13_28_1_hem-7,37.6501
UID_H13_28_2_hem-4,38.6558
UID_H13_29_1_hem-6,29.8208
UID_H13_29_2_hem-5,26.6335
UID_H13_29_3_hem-15,37.3764
UID_H13_29_4_hem-3,30.9515
UID_H13_3_1_hem-20,37.0483
UID_H13_3_2_hem-8,43.4221
UID_H13_3_3_hem-12,104.254
UID_H13_3_4_hem-7,196.92
UID_H13_3_5_hem-8,30.8523
UID_H13_3_6_hem-19,41.8446
UID_H13_3_7_hem-15,34.0593
UID_H13_30_1_hem-3,30.382
UID_H13_30_2_hem-4,26.6337
UID_H13_30_3_hem-2,32.2797
UID_H13_30_4_hem-2,29.5506
UID_H13_31_1_hem-9,43.891
UID_H13_31_2_hem-8,33.3009
UID_H13_31_3_hem-7,32.1842
UID_H13_33_1_hem-9,47.9048
UID_H13_33_2_hem-8,35.1772
UID_H13_33_3_hem-14,31.0263
UID_H13_33_4_hem-11,32.8374
UID_H13_33_5_hem-12,28.0894
UID_H13_33_6_hem-9,23.0871
UID_H13_34_1_hem-6,25.1707
UID_H13_34_2_hem-2,32.4017
UID_H13_35_1_hem-11,34.4108
UID_H13_35_2_hem-6,29.6216
UID_H13_4_1_hem-20,37.0697
UID_H13_4_2_hem-9,35.1063
UID_H13_4_3_hem-6,54.8086
UID_H13_4_4_hem-3,33.5874
UID_H13_4_5_hem-16,34.7268
UID_H13_4_6_hem-8,49.7484
UID_H13_4_7_hem-5,26.193
UID_H13_5_1_hem-2,27.1722
UID_H13_5_2_hem-13,58.3941
UID_H13_5_3_hem-11,65.2313
UID_H13_5_4_hem-9,34.2887
UID_H13_6_1_hem-3,30.012
UID_H13_6_2_hem-3,27.1675
UID_H13_6_3_hem-11,30.0924
UID_H13_6_4_hem-10,28.2201
UID_H13_6_5_hem-4,30.1492
UID_H13_7_1_hem-4,33.5036
UID_H13_7_2_hem-3,30.9532
UID_H13_7_3_hem-10,31.5508
UID_H13_8_1_hem-5,33.3395
UID_H13_8_2_hem-7,38.7595
UID_H13_8_3_hem-2,33.8089
UID_H13_8_4_hem-9,32.4351
UID_H13_9_1_hem-6,33.4247
UID_H13_9_2_hem-21,34.462
UID_H13_9_3_hem-16,44.5494
UID_H18_1_1_hem-2,24.7194
UID_H18_10_1_hem-10,50.8442
UID_H18_10_2_hem-27,25.7359
UID_H18_11_1_hem-9,54.0039
UID_H18_11_2_hem-8,75.5831
UID_H18_11_3_hem-3,67.3559
UID_H18_11_4_hem-7,47.8571
UID_H18_11_5_hem-26,60.518
UID_H18_11_6_hem-9,39.8009
UID_H18_11_8_hem-9,30.8817
UID_H18_11_9_hem-3,34.2073
UID_H18_13_1_hem-4,27.9304
UID_H18_14_1_hem-7,23.9987
UID_H18_15_1_hem-20,25.7118
UID_H18_15_2_hem-15,43.8944
UID_H18_16_1_hem-21,40.7591
UID_H18_2_1_hem-7,33.8809
UID_H18_3_1_hem-2,47.729
UID_H18_4_1_hem-4,25.6006
UID_H18_5_1_hem-2,22.7812
UID_H18_5_2_hem,37.1892
UID_H18_6_1_hem-2,192.569
UID_H18_6_2_hem-2,25.476
UID_H18_6_3_hem-10,83.8005
UID_H18_6_4_hem-5,98.9698
UID_H18_6_5_hem-6,23.6066
UID_H18_7_1_hem-2,56.515
UID_H18_8_1_hem-4,68.9211
UID_H18_9_1_hem-7,48.448
UID_H2_1_1_hem-18,38.2144
UID_H2_1_2_hem-20,33.3945
UID_H2_1_3_hem-16,26.2042
UID_H2_10_1_hem-5,127.048
UID_H2_10_2_hem-9,28.7971
UID_H2_10_3_hem-12,130.296
UID_H2_10_4_hem-10,20.1114
UID_H2_11_1_hem-4,37.4374
UID_H2_11_2_hem-14,27.0836
UID_H2_12_1_hem-20,32.9722
UID_H2_13_1_hem-23,21.599
UID_H2_13_2_hem-6,29.1558
UID_H2_14_1_hem-14,34.6508
UID_H2_15_1_hem-15,47.6502
UID_H2_16_1_hem-23,42.028
UID_H2_17_1_hem-5,38.9962
UID_H2_18_1_hem-16,54.7186
UID_H2_19_1_hem-17,60.7148
UID_H2_2_1_hem-14,25.3329
UID_H2_20_1_hem-18,37.4942
UID_H2_21_1_hem-14,125.872
UID_H2_21_2_hem-6,90.7204
UID_H2_22_1_hem-27,30.6554
UID_H2_23_1_hem-16,33.3601
UID_H2_24_1_hem-28,33.6874
UID_H2_25_1_hem-9,25.8956
UID_H2_26_1_hem-11,45.3168
UID_H2_26_2_hem-20,44.0144
UID_H2_27_1_hem-15,49.0045
UID_H2_27_2_hem-9,23.8634
UID_H2_27_3_hem-12,40.5079
UID_H2_28_1_hem-3,38.2697
UID_H2_28_2_hem-23,34.9404
UID_H2_29_1_hem-5,42.9001
UID_H2_29_2_hem-9,27.879
UID_H2_29_3_hem-9,46.458
UID_H2_3_1_hem-4,32.6618
UID_H2_3_2_hem-5,24.715
UID_H2_3_3_hem-21,34.1015
UID_H2_3_4_hem-25,38.7971
UID_H2_30_1_hem-3,34.5511
UID_H2_30_2_hem-20,75.8585
UID_H2_31_1_hem-2,35.6102
UID_H2_31_2_hem-6,23.6994
UID_H2_32_1_hem-26,30.9561
UID_H2_32_2_hem-8,29.6851
UID_H2_32_3_hem-13,29.3444
UID_H2_32_4_hem-2,29.3977
UID_H2_33_1_hem-5,70.7082
UID_H2_33_2_hem-6,31.184
UID_H2_33_3_hem-3,49.8408
UID_H2_34_1_hem-12,30.2933
UID_H2_34_2_hem-9,26.4461
UID_H2_34_3_hem-4,28.3173
UID_H2_34_4_hem-17,77.126
UID_H2_35_1_hem-4,30.6104
UID_H2_35_2_hem-13,91.1667
UID_H2_36_1_hem-6,101.146
UID_H2_37_1_hem-5,42.8647
UID_H2_37_2_hem-5,22.5641
UID_H2_37_3_hem-16,30.6823
UID_H2_37_4_hem-14,26.5008
UID_H2_37_5_hem-12,22.8477
UID_H2_38_1_hem-7,33.4587
UID_H2_38_2_hem-11,30.8713
UID_H2_38_3_hem-16,27.3969
UID_H2_38_4_hem-3,43.1017
UID_H2_39_1_hem-4,21.4958
UID_H2_4_1_hem-16,33.2779
UID_H2_40_1_hem-11,25.3155
UID_H2_40_2_hem-19,34.7213
UID_H2_40_3_hem-16,46.5363
UID_H2_40_4_hem-17,21.9744
UID_H2_40_5_hem-22,46.4839
UID_H2_41_1_hem-6,25.9948
UID_H2_41_2_hem-23,32.5401
UID_H2_41_3_hem-2,33.1042
UID_H2_41_4_hem-3,30.9738
UID_H2_41_5_hem-2,32.8107
UID_H2_41_6_hem-10,30.4957
UID_H2_42_1_hem-6,147.762
UID_H2_43_1_hem-14,30.5998
UID_H2_43_2_hem-10,46.8586
UID_H2_43_3_hem-14,25.2599
UID_H2_44_1_hem-10,25.2419
UID_H2_44_2_hem-8,129.405
UID_H2_44_3_hem-26,27.642
UID_H2_45_1_hem-3,176.625
UID_H2_46_1_hem-7,26.2809
UID_H2_46_2_hem-21,27.4648
UID_H2_46_3_hem-10,27.3485
UID_H2_46_4_hem-11,37.4201
UID_H2_46_5_hem-28,28.5064
UID_H2_47_1_hem-10,46.2151
UID_H2_47_2_hem-18,38.1101
UID_H2_47_3_hem-4,46.419
UID_H2_49_1_hem-28,37.4233
UID_H2_49_2_hem-10,38.3715
UID_H2_49_3_hem-14,36.4827
UID_H2_5_1_hem-22,38.9304
UID_H2_50_1_hem-9,35.9964
UID_H2_50_2_hem-11,33.1392
UID_H2_50_3_hem-11,23.3305
UID_H2_50_4_hem-22,49.8587
UID_H2_50_5_hem-7,38.6592
UID_H2_51_1_hem-8,52.2068
UID_H2_6_1_hem-11,27.27
UID_H2_6_2_hem-5,22.343
UID_H2_6_3_hem-15,28.8888
UID_H2_6_4_hem-7,36.2477
UID_H2_6_5_hem-17,39.7021
UID_H2_8_1_hem-3,32.4754
UID_H20_1_1_hem-4,25.2836
UID_H20_1_2_hem-2,31.1334
UID_H20_1_3_hem-2,30.6643
UID_H20_10_1_hem-4,31.9379
UID_H20_10_2_hem-4,31.8121
UID_H20_10_3_hem-8,28.6502
UID_H20_11_1_hem-3,45.2597
UID_H20_12_1_hem-2,31.4541
UID_H20_12_2_hem-4,28.9327
UID_H20_13_1_hem-2,36.6495
UID_H20_13_2_hem-11,45.4443
UID_H20_13_3_hem-5,43.9038
UID_H20_13_4_hem-8,34.2223
UID_H20_15_1_hem-2,30.7693
UID_H20_15_2_hem-6,28.1813
UID_H20_15_3_hem-2,32.8045
UID_H20_16_1_hem-7,39.2047
UID_H20_16_2_hem-2,38.0693
UID_H20_16_3_hem-2,24.1063
UID_H20_16_4_hem-6,51.0058
UID_H20_16_5_hem-2,35.8119
UID_H20_18_1_hem-2,33.706
UID_H20_18_2_hem-4,34.9901
UID_H20_19_1_hem-9,46.5463
UID_H20_19_2_hem-10,36.3849
UID_H20_19_3_hem-3,38.4986
UID_H20_2_1_hem-3,30.9037
UID_H20_2_2_hem-13,44.2921
UID_H20_2_3_hem-23,25.1413
UID_H20_2_4_hem-4,37.5242
UID_H20_2_5_hem-2,35.5544
UID_H20_2_6_hem-5,26.4985
UID_H20_20_1_hem-8,50.3283
UID_H20_20_2_hem-2,30.1292
UID_H20_20_3_hem,74.941
UID_H20_20_4_hem-4,35.4345
UID_H20_20_5_hem-9,25.812
UID_H20_22_1_hem-2,51.3418
UID_H20_23_1_hem-3,46.6505
UID_H20_23_2_hem-2,42.0281
UID_H20_23_3_hem-2,36.1878
UID_H20_24_1_hem-3,28.8991
UID_H20_24_2_hem-2,29.4794
UID_H20_25_1_hem-2,28.8074
UID_H20_26_1_hem-2,41.346
UID_H20_27_1_hem-2,32.5461
UID_H20_27_2_hem-2,31.0479
UID_H20_28_1_hem-6,38.2423
UID_H20_28_2_hem-5,31.4095
UID_H20_28_3_hem-36,33.2764
UID_H20_28_4_hem-10,25.7538
UID_H20_28_5_hem-12,31.5894
UID_H20_28_6_hem-6,33.2372
UID_H20_29_1_hem-4,32.0498
UID_H20_29_2_hem-11,30.0447
UID_H20_29_3_hem-9,36.1152
UID_H20_29_4_hem-6,29.4186
UID_H20_29_5_hem-9,32.402
UID_H20_29_6_hem-2,109.098
UID_H20_29_7_hem-6,32.7262
UID_H20_3_1_hem-6,26.992
UID_H20_3_2_hem-2,28.7121
UID_H20_30_1_hem,83.8774
UID_H20_30_2_hem-18,32.621
UID_H20_30_3_hem-3,30.8
UID_H20_31_1_hem-5,34.84
UID_H20_31_2_hem-14,70.566
UID_H20_31_3_hem-16,81.4862
UID_H20_31_4_hem-5,31.4969
UID_H20_32_1_hem-4,32.8312
UID_H20_32_2_hem-2,31.0122
UID_H20_33_1_hem-6,32.2979
UID_H20_33_2_hem-2,29.5127
UID_H20_33_3_hem-7,50.6836
UID_H20_34_1_hem-3,28.4839
UID_H20_34_2_hem-2,34.6762
UID_H20_35_1_hem-2,31.1175
UID_H20_36_1_hem-10,23.3342
UID_H20_36_2_hem-25,35.6714
UID_H20_37_1_hem-13,26.0984
UID_H20_37_2_hem,70.8056
UID_H20_37_3_hem-13,24.665
UID_H20_37_4_hem-4,27.1066
UID_H20_4_1_hem-7,23.9043
UID_H20_5_1_hem-3,35.3695
UID_H20_5_2_hem-5,47.8523
UID_H20_6_1_hem-4,27.5344
UID_H20_6_2_hem-6,29.6348
UID_H20_6_3_hem-5,31.9472
UID_H20_7_1_hem-2,25.4536
UID_H20_7_2_hem-5,36.222
UID_H20_7_3_hem-5,33.4065
UID_H20_8_1_hem-3,25.7713
UID_H20_8_2_hem-3,29.4993
UID_H20_8_3_hem-2,29.5136
UID_H20_8_4_hem-2,37.053
UID_H20_9_1_hem-7,27.9592
UID_H20_9_2_hem-4,37.1477
UID_H20_9_3_hem-2,29.0597
UID_H20_9_4_hem-3,29.3661
UID_H23_1_1_hem-7,32.5661
UID_H23_1_2_hem-2,24.8901
UID_H23_1_3_hem-3,23.5715
UID_H23_10_1_hem-2,36.1507
UID_H23_10_10_hem-7,119.032
UID_H23_10_11_hem-6,33.5747
UID_H23_10_12_hem-2,75.8367
UID_H23_10_13_hem-3,117.431
UID_H23_10_2_hem-4,84.2168
UID_H23_10_3_hem-2,54.562
UID_H23_10_4_hem-17,33.7993
UID_H23_10_5_hem-13,193.608
UID_H23_10_6_hem-3,43.0266
UID_H23_10_7_hem-4,30.8265
UID_H23_10_8_hem-3,105.968
UID_H23_10_9_hem-6,228.236
UID_H23_11_1_hem-9,55.6684
UID_H23_11_2_hem-6,89.6394
UID_H23_11_3_hem-3,73.309
UID_H23_11_4_hem-6,47.8859
UID_H23_11_5_hem-2,25.4981
UID_H23_12_1_hem-2,30.0775
UID_H23_12_10_hem-2,82.1957
UID_H23_12_11_hem-5,32.2372
UID_H23_12_12_hem-2,71.2419
UID_H23_12_13_hem-4,92.8914
UID_H23_12_14_hem-3,25.4182
UID_H23_12_2_hem-2,87.2814
UID_H23_12_3_hem-4,28.5134
UID_H23_12_4_hem-5,28.9705
UID_H23_12_5_hem-7,24.6156
UID_H23_12_6_hem-8,28.0268
UID_H23_12_7_hem-3,35.7543
UID_H23_12_8_hem-9,26.4474
UID_H23_12_9_hem-5,21.2771
UID_H23_13_1_hem-7,26.7038
UID_H23_13_10_hem-16,37.4582
UID_H23_13_11_hem-7,88.6824
UID_H23_13_12_hem-2,92.353
UID_H23_13_2_hem-2,66.2379
UID_H23_13_3_hem-4,110.185
UID_H23_13_4_hem-3,26.5522
UID_H23_13_5_hem-3,35.0777
UID_H23_13_6_hem-2,30.648
UID_H23_13_7_hem-8,27.1287
UID_H23_13_8_hem,261.921
UID_H23_13_9_hem-13,30.176
UID_H23_14_1_hem-6,127.404
UID_H23_14_2_hem-2,103.306
UID_H23_14_3_hem-3,28.1055
UID_H23_14_4_hem-9,81.4867
UID_H23_14_5_hem-4,27.3858
UID_H23_14_6_hem-8,27.1588
UID_H23_14_7_hem,69.1391
UID_H23_14_8_hem-5,26.4147
UID_H23_15_1_hem-3,39.0748
UID_H23_15_10_hem-3,87.7342
UID_H23_15_11_hem-7,26.3005
UID_H23_15_2_hem-26,24.5119
UID_H23_15_3_hem-10,35.3199
UID_H23_15_4_hem-3,78.9457
UID_H23_15_5_hem-19,42.7817
UID_H23_15_6_hem-30,24.4439
UID_H23_15_7_hem-5,34.8282
UID_H23_15_8_hem,68.0395
UID_H23_15_9_hem-3,80.3703
UID_H23_16_1_hem-8,26.4817
UID_H23_16_10_hem-7,26.5316
UID_H23_16_11_hem-3,26.9528
UID_H23_16_12_hem-12,24.5268
UID_H23_16_13_hem-4,81.1314
UID_H23_16_14_hem-2,24.993
UID_H23_16_15_hem,49.2576
UID_H23_16_16_hem,48.1505
UID_H23_16_17_hem-11,29.4256
UID_H23_16_18_hem-17,292.672
UID_H23_16_2_hem-27,21.3946
UID_H23_16_3_hem-3,28.066
UID_H23_16_4_hem-9,29.7354
UID_H23_16_5_hem-6,35.9506
UID_H23_16_6_hem-5,172.805
UID_H23_16_7_hem,88.8653
UID_H23_16_8_hem-13,25.194
UID_H23_16_9_hem-18,30.4548
UID_H23_17_1_hem-11,27.4266
UID_H23_17_2_hem-11,43.5582
UID_H23_17_3_hem-3,58.0698
UID_H23_17_4_hem-2,52.9946
UID_H23_17_5_hem-4,41.8322
UID_H23_17_6_hem-2,126.867
UID_H23_17_7_hem-2,22.749
UID_H23_18_1_hem-15,128.165
UID_H23_18_10_hem-6,25.8631
UID_H23_18_11_hem-2,80.0874
UID_H23_18_12_hem-9,25.3484
UID_H23_18_13_hem-9,25.9927
UID_H23_18_2_hem-2,25.7195
UID_H23_18_3_hem-3,32.3978
UID_H23_18_4_hem-7,39.9592
UID_H23_18_5_hem-2,28.5118
UID_H23_18_6_hem-15,36.5752
UID_H23_18_7_hem-4,33.0947
UID_H23_18_8_hem-6,33.4812
UID_H23_18_9_hem-5,28.305
UID_H23_19_1_hem-5,119.13
UID_H23_19_10_hem-3,30.5453
UID_H23_19_11_hem-9,28.5942
UID_H23_19_12_hem-5,24.393
UID_H23_19_13_hem-4,87.8302
UID_H23_19_14_hem-9,113.09
UID_H23_19_15_hem-7,112.736
UID_H23_19_16_hem-9,26.0095
UID_H23_19_17_hem-9,21.9865
UID_H23_19_2_hem-4,32.8642
UID_H23_19_3_hem-5,37.8096
UID_H23_19_4_hem-2,31.7321
UID_H23_19_5_hem-4,31.5366
UID_H23_19_6_hem-3,55.2053
UID_H23_19_7_hem-19,198.367
UID_H23_19_8_hem-4,143.031
UID_H23_19_9_hem-2,73.3625
UID_H23_2_1_hem-3,58.6868
UID_H23_2_10_hem-9,32.6121
UID_H23_2_11_hem-4,25.4064
UID_H23_2_12_hem-6,23.4801
UID_H23_2_13_hem-13,30.8637
UID_H23_2_14_hem-9,24.5634
UID_H23_2_15_hem-20,23.302
UID_H23_2_2_hem-22,30.4345
UID_H23_2_3_hem-11,25.7495
UID_H23_2_4_hem-7,76.4425
UID_H23_2_5_hem-15,26.7268
UID_H23_2_6_hem-5,32.2632
UID_H23_2_7_hem-7,25.3647
UID_H23_2_8_hem-9,68.3292
UID_H23_2_9_hem-4,21.5101
UID_H23_20_1_hem-17,32.3288
UID_H23_20_10_hem-5,121.902
UID_H23_20_11_hem-12,33.9002
UID_H23_20_12_hem-3,22.3256
UID_H23_20_13_hem-4,24.7252
UID_H23_20_2_hem-3,30.212
UID_H23_20_3_hem-6,32.3869
UID_H23_20_4_hem-5,24.97
UID_H23_20_5_hem-8,178.14
UID_H23_20_6_hem-2,73.5901
UID_H23_20_7_hem-2,37.5611
UID_H23_20_8_hem-11,32.5221
UID_H23_20_9_hem-3,57.701
UID_H23_21_1_hem-6,26.384
UID_H23_21_2_hem-9,27.2086
UID_H23_21_3_hem-6,32.9695
UID_H23_21_4_hem-9,27.8212
UID_H23_21_5_hem-3,191.747
UID_H23_21_6_hem-7,35.8986
UID_H23_21_7_hem-4,54.5945
UID_H23_22_1_hem-2,33.8218
UID_H23_22_10_hem-5,20.9162
UID_H23_22_11_hem-14,33.2335
UID_H23_22_12_hem-9,133.407
UID_H23_22_13_hem-3,108.566
UID_H23_22_14_hem-7,26.2766
UID_H23_22_2_hem-7,58.5503
UID_H23_22_3_hem-7,31.7868
UID_H23_22_4_hem-6,23.8418
UID_H23_22_5_hem-8,60.7207
UID_H23_22_6_hem-24,30.4525
UID_H23_22_8_hem-3,36.0661
UID_H23_22_9_hem-2,28.0096
UID_H23_23_1_hem-6,23.8017
UID_H23_23_10_hem-5,26.4855
UID_H23_23_2_hem-14,36.96
UID_H23_23_3_hem-15,22.446
UID_H23_23_4_hem-9,41.6241
UID_H23_23_5_hem-7,28.7234
UID_H23_23_6_hem-4,30.6471
UID_H23_23_7_hem-6,26.3006
UID_H23_23_8_hem-3,70.0529
UID_H23_23_9_hem-3,28.5992
UID_H23_24_1_hem-6,31.2312
UID_H23_24_2_hem-6,31.2296
UID_H23_24_3_hem-2,104.52
UID_H23_24_4_hem-4,33.2409
UID_H23_24_5_hem-3,33.4984
UID_H23_24_6_hem-4,34.5235
UID_H23_24_7_hem-9,78.653
UID_H23_24_8_hem-6,26.0229
UID_H23_24_9_hem-10,26.0567
UID_H23_25_1_hem-8,89.1334
UID_H23_26_1_hem-5,94.6363
UID_H23_26_2_hem-11,34.1395
UID_H23_26_3_hem-4,26.1894
UID_H23_27_1_hem-2,26.7782
UID_H23_27_2_hem-8,27.9311
UID_H23_27_3_hem-20,28.7992
UID_H23_27_4_hem-3,27.3366
UID_H23_27_5_hem-12,30.7747
UID_H23_27_6_hem-5,39.1098
UID_H23_28_1_hem-11,23.1152
UID_H23_28_2_hem-3,33.7904
UID_H23_29_1_hem-8,83.2295
UID_H23_29_2_hem-13,68.2614
UID_H23_3_1_hem-2,53.3393
UID_H23_3_10_hem-7,50.3638
UID_H23_3_11_hem-8,46.8261
UID_H23_3_12_hem-29,71.223
UID_H23_3_13_hem-5,34.0119
UID_H23_3_14_hem-11,27.4501
UID_H23_3_15_hem-11,50.8878
UID_H23_3_16_hem-6,27.3409
UID_H23_3_17_hem-15,23.9887
UID_H23_3_18_hem-19,23.4276
UID_H23_3_19_hem-12,33.7917
UID_H23_3_2_hem-3,67.2148
UID_H23_3_3_hem-4,23.0383
UID_H23_3_4_hem-3,30.371
UID_H23_3_5_hem-5,106.703
UID_H23_3_6_hem-17,34.7425
UID_H23_3_7_hem-2,32.5225
UID_H23_3_8_hem-3,33.8821
UID_H23_3_9_hem,38.8335
UID_H23_30_1_hem-2,36.3304
UID_H23_30_2_hem-9,30.9373
UID_H23_31_1_hem-6,53.9021
UID_H23_31_2_hem-10,31.0429
UID_H23_31_3_hem-24,33.9722
UID_H23_31_4_hem-13,22.5096
UID_H23_32_1_hem-7,29.3021
UID_H23_32_2_hem-4,27.1838
UID_H23_33_1_hem-3,50.9127
UID_H23_33_2_hem-6,39.517
UID_H23_33_3_hem-3,36.1729
UID_H23_33_4_hem-6,31.5724
UID_H23_34_1_hem-2,32.3432
UID_H23_34_2_hem-16,37.226
UID_H23_34_3_hem-12,27.5763
UID_H23_34_4_hem-40,24.2653
UID_H23_34_5_hem-18,37.6093
UID_H23_35_1_hem-4,24.9626
UID_H23_35_2_hem-5,26.2168
UID_H23_35_3_hem-13,31.5284
UID_H23_36_1_hem-4,34.5797
UID_H23_36_2_hem-2,31.9314
UID_H23_4_1_hem,108.31
UID_H23_4_10_hem-6,42.1724
UID_H23_4_11_hem-6,149.803
UID_H23_4_12_hem-5,31.7324
UID_H23_4_13_hem-12,30.0255
UID_H23_4_14_hem-14,35.9548
UID_H23_4_15_hem-4,28.9216
UID_H23_4_16_hem-6,50.9212
UID_H23_4_17_hem-4,45.681
UID_H23_4_2_hem-4,25.1
UID_H23_4_3_hem-4,32.9054
UID_H23_4_4_hem-13,27.4431
UID_H23_4_5_hem-3,26.811
UID_H23_4_6_hem-2,33.5617
UID_H23_4_7_hem-2,36.2268
UID_H23_4_8_hem-3,34.9467
UID_H23_4_9_hem-2,45.724
UID_H23_5_1_hem-11,28.7162
UID_H23_5_10_hem-2,31.2737
UID_H23_5_11_hem-6,22.2856
UID_H23_5_12_hem-4,30.5521
UID_H23_5_13_hem-13,30.8915
UID_H23_5_14_hem-9,25.6122
UID_H23_5_15_hem-10,24.5652
UID_H23_5_2_hem-5,23.1935
UID_H23_5_3_hem-8,28.1364
UID_H23_5_4_hem-2,23.4149
UID_H23_5_5_hem-3,28.9706
UID_H23_5_6_hem-4,21.103
UID_H23_5_7_hem-9,56.3028
UID_H23_5_8_hem-16,40.3256
UID_H23_5_9_hem-7,25.1486
UID_H23_6_1_hem-2,49.7312
UID_H23_6_10_hem-3,34.9579
UID_H23_6_11_hem-4,31.6547
UID_H23_6_12_hem-11,28.0846
UID_H23_6_13_hem-8,28.5405
UID_H23_6_2_hem-10,156.651
UID_H23_6_3_hem-4,72.6116
UID_H23_6_4_hem-12,23.4789
UID_H23_6_5_hem-2,28.1984
UID_H23_6_6_hem,48.6454
UID_H23_6_7_hem-9,28.0756
UID_H23_6_8_hem-2,26.3649
UID_H23_6_9_hem-4,20.4376
UID_H23_7_1_hem-12,28.8672
UID_H23_7_10_hem-6,20.7101
UID_H23_7_2_hem-2,34.503
UID_H23_7_3_hem-5,35.1901
UID_H23_7_4_hem-10,233.741
UID_H23_7_5_hem-9,30.0848
UID_H23_7_6_hem-7,32.7368
UID_H23_7_7_hem-5,23.8342
UID_H23_7_8_hem-8,26.4056
UID_H23_7_9_hem-8,23.6924
UID_H23_8_1_hem-5,22.7711
UID_H23_8_2_hem-7,27.1064
UID_H23_8_3_hem-5,104.273
UID_H23_8_4_hem-3,26.165
UID_H23_8_5_hem-2,34.87
UID_H23_8_6_hem-3,27.6907
UID_H23_8_7_hem-5,86.2454
UID_H23_8_8_hem-2,32.4806
UID_H23_8_9_hem-9,48.481
UID_H23_9_1_hem-8,25.8098
UID_H23_9_10_hem-9,127.804
UID_H23_9_11_hem-9,38.0704
UID_H23_9_12_hem-10,25.9664
UID_H23_9_13_hem-9,32.5369
UID_H23_9_14_hem-8,147.217
UID_H23_9_15_hem-9,31.404
UID_H23_9_16_hem-13,30.1364
UID_H23_9_17_hem-10,217.812
UID_H23_9_18_hem-3,27.5463
UID_H23_9_19_hem-9,111.933
UID_H23_9_2_hem-2,34.0466
UID_H23_9_3_hem-4,31.6703
UID_H23_9_4_hem-5,41.6982
UID_H23_9_5_hem-3,27.5226
UID_H23_9_6_hem-3,31.5456
UID_H23_9_7_hem-3,29.7627
UID_H23_9_8_hem-9,30.7542
UID_H23_9_9_hem-2,39.0657
UID_h3_1_1_hem-29,34.2469
UID_h3_10_1_hem-24,30.1663
UID_h3_11_1_hem-16,26.0785
UID_h3_12_1_hem-28,254.474
UID_h3_13_1_hem-8,54.5938
UID_h3_14_1_hem-15,43.5896
UID_h3_16_1_hem-24,36.9994
UID_h3_17_1_hem-15,46.7466
UID_h3_18_1_hem-11,24.9804
UID_h3_19_1_hem-11,24.1386
UID_h3_2_1_hem-5,24.8013
UID_h3_21_1_hem-18,35.1946
UID_h3_23_1_hem-14,71.2589
UID_h3_26_1_hem-12,40.7781
UID_h3_27_1_hem-12,33.7597
UID_h3_28_1_hem-15,26.5013
UID_h3_29_1_hem-10,19.2491
UID_h3_3_1_hem-10,31.9054
UID_h3_3_2_hem-2,25.5974
UID_h3_3_3_hem-3,36.5712
UID_h3_30_1_hem-22,34.1558
UID_h3_31_1_hem-17,28.149
UID_h3_32_1_hem-17,34.6338
UID_h3_33_1_hem-24,35.2245
UID_h3_34_1_hem-2,50.7538
UID_h3_35_1_hem-16,31.6804
UID_h3_36_1_hem-2,36.688
UID_h3_37_1_hem-18,30.0478
UID_h3_38_1_hem-16,21.8722
UID_h3_39_1_hem-13,34.4665
UID_h3_4_1_hem-31,45.1024
UID_h3_5_1_hem-14,32.9559
UID_h3_6_1_hem-22,39.0782
UID_h3_6_2_hem-36,29.4173
UID_h3_7_1_hem-12,28.538
UID_h3_9_1_hem-14,23.4279
UID_H4_1_1_hem-5,28.5391
UID_H4_1_2_hem-20,39.3974
UID_H4_3_1_hem-14,26.2064
UID_H4_4_1_hem-15,52.45
UID_H4_5_1_hem-16,55.6542
UID_H4_6_1_hem-26,29.0366
UID_H4_7_1_hem-11,45.3168
UID_H4_7_2_hem-20,44.0144
UID_H4_8_1_hem-20,75.8585
UID_H40_1_1_hem-4,38.8839
UID_H40_1_2_hem-11,75.2023
UID_H40_1_3_hem-19,41.252
UID_H40_1_4_hem-36,51.5766
UID_H40_1_5_hem-13,38.5404
UID_H40_10_1_hem-6,44.6604
UID_H40_10_2_hem-5,46.7364
UID_H40_10_3_hem,52.0297
UID_H40_10_4_hem-19,43.4268
UID_H40_10_5_hem-18,33.6028
UID_H40_11_1_hem-18,34.3944
UID_H40_11_2_hem,40.834
UID_H40_11_3_hem-2,32.724
UID_H40_12_1_hem-7,29.8146
UID_H40_12_2_hem-13,54.9106
UID_H40_12_3_hem-2,56.8877
UID_H40_12_4_hem-5,56.422
UID_H40_13_1_hem-22,43.1339
UID_H40_13_2_hem-2,49.3519
UID_H40_13_3_hem,31.0371
UID_H40_13_4_hem-5,64.1602
UID_H40_13_5_hem-20,37.8998
UID_H40_13_6_hem-7,247.985
UID_H40_13_7_hem,32.6935
UID_H40_14_1_hem-6,33.6169
UID_H40_14_2_hem-8,55.1726
UID_H40_14_3_hem-19,40.1192
UID_H40_14_4_hem,34.439
UID_H40_14_5_hem-3,36.3951
UID_H40_14_6_hem-19,27.4527
UID_H40_15_1_hem-6,38.3664
UID_H40_15_2_hem-20,36.3914
UID_H40_15_3_hem-21,32.5126
UID_H40_18_1_hem-2,29.0741
UID_H40_18_2_hem-10,40.6123
UID_H40_18_3_hem-19,37.3153
UID_H40_18_4_hem-24,48.5676
UID_H40_18_5_hem-14,29.9963
UID_H40_19_1_hem-22,54.7361
UID_H40_19_2_hem-33,29.8442
UID_H40_19_3_hem-10,43.5577
UID_H40_19_4_hem-20,33.7435
UID_H40_19_5_hem-50,40.6679
UID_H40_19_6_hem-27,38.2302
UID_H40_19_7_hem-14,38.5243
UID_H40_19_8_hem-25,43.9039
UID_H40_19_9_hem-16,31.6917
UID_H40_2_1_hem-10,25.2377
UID_H40_2_2_hem-21,38.1219
UID_H40_2_3_hem-23,33.1089
UID_H40_2_4_hem-2,32.8227
UID_H40_2_5_hem-7,39.8332
UID_H40_2_6_hem-4,42.7321
UID_H40_20_1_hem-14,233.23
UID_H40_20_2_hem-11,38.4276
UID_H40_20_3_hem-14,51.8538
UID_H40_20_4_hem-16,37.3661
UID_H40_20_5_hem,45.3091
UID_H40_21_1_hem-9,61.9925
UID_H40_21_2_hem-15,50.0231
UID_H40_21_3_hem-13,65.2657
UID_H40_21_4_hem-9,40.9311
UID_H40_21_5_hem-13,56.7036
UID_H40_21_6_hem-21,46.3931
UID_H40_22_1_hem-9,33.6872
UID_H40_22_2_hem-14,35.3507
UID_H40_22_3_hem-7,41.7051
UID_H40_22_4_hem-12,35.1073
UID_H40_22_5_hem-7,41.7318
UID_H40_22_6_hem-5,39.6959
UID_H40_22_7_hem-23,27.2781
UID_H40_23_1_hem-15,35.6331
UID_H40_23_2_hem-13,30.0348
UID_H40_23_3_hem-14,39.5849
UID_H40_23_4_hem-7,46.2119
UID_H40_23_5_hem,32.9925
UID_H40_23_6_hem-6,34.5525
UID_H40_23_7_hem-12,36.2498
UID_H40_23_8_hem,45.1794
UID_H40_24_1_hem-17,47.0885
UID_H40_24_10_hem-13,30.7347
UID_H40_24_11_hem,50.0433
UID_H40_24_12_hem-31,41.9991
UID_H40_24_13_hem,41.8839
UID_H40_24_14_hem-2,34.162
UID_H40_24_2_hem-34,42.7365
UID_H40_24_3_hem-33,39.0977
UID_H40_24_4_hem-3,66.0024
UID_H40_24_5_hem-12,35.8875
UID_H40_24_6_hem-7,50.6589
UID_H40_24_7_hem-16,36.0312
UID_H40_24_8_hem-4,28.941
UID_H40_24_9_hem,34.953
UID_H40_25_1_hem-20,182.083
UID_H40_25_2_hem-24,42.8363
UID_H40_3_1_hem-2,131.159
UID_H40_3_2_hem-4,32.892
UID_H40_3_3_hem-21,33.137
UID_H40_3_4_hem-19,27.8577
UID_H40_4_1_hem-16,44.356
UID_H40_4_2_hem-22,34.6617
UID_H40_4_3_hem-18,187.563
UID_H40_4_4_hem-19,44.5762
UID_H40_4_5_hem-23,33.4672
UID_H40_4_6_hem,49.9507
UID_H40_4_7_hem-7,45.8208
UID_H40_4_8_hem-33,42.0517
UID_H40_4_9_hem-10,57.3004
UID_H40_5_1_hem-2,67.1318
UID_H40_5_2_hem-7,41.226
UID_H40_5_3_hem-9,66.2074
UID_H40_5_4_hem-11,63.9926
UID_H40_6_1_hem-3,64.8749
UID_H40_6_2_hem-7,41.1254
UID_H40_6_3_hem-11,91.9775
UID_H40_6_4_hem-23,158.551
UID_H40_6_5_hem-8,56.7068
UID_H40_6_6_hem-7,55.3465
UID_H40_7_1_hem-23,42.556
UID_H40_7_2_hem,148.644
UID_H40_7_3_hem-17,49.1099
UID_H40_7_4_hem-13,29.359
UID_H40_7_5_hem-7,28.0569
UID_H40_7_6_hem-5,65.9354
UID_H40_7_7_hem-9,42.8813
UID_H40_8_1_hem-11,39.1849
UID_H40_8_2_hem-10,100.593
UID_H40_8_3_hem-24,92.1475
UID_H40_8_4_hem-4,44.2553
UID_H40_8_5_hem-2,97.6016
UID_H40_8_6_hem,47.7749
UID_H40_8_7_hem-8,32.2746
UID_H40_9_1_hem-16,44.5165
UID_H40_9_2_hem-15,52.3377
UID_H40_9_3_hem-7,44.4561
UID_H40_9_4_hem-5,39.381
UID_H40_9_5_hem,41.6657
UID_H40_9_6_hem-7,33.2263
UID_H40_9_7_hem,50.2489
UID_H40_9_8_hem-11,27.7065
UID_H46_1_1_hem-22,56.954
UID_H46_1_2_hem-8,31.5029
UID_H46_1_3_hem-6,52.9568
UID_H46_1_4_hem-5,53.512
UID_H46_11_1_hem-2,67.7368
UID_H46_12_1_hem-7,64.5069
UID_H46_16_1_hem-11,36.0984
UID_H46_17_1_hem-5,52.5074
UID_H46_2_1_hem-10,51.0507
UID_H46_2_2_hem-12,27.8326
UID_H46_2_3_hem-10,161.792
UID_H46_2_4_hem-11,43.6718
UID_H46_20_1_hem-2,69.7568
UID_H46_21_1_hem-3,61.3953
UID_H46_21_2_hem-4,50.6328
UID_H46_22_1_hem-3,108.496
UID_H46_25_1_hem-13,32.954
UID_H46_25_2_hem-15,49.7552
UID_H46_27_1_hem-2,61.3966
UID_H46_27_2_hem,53.9491
UID_H46_28_1_hem-7,204.363
UID_H46_3_1_hem-4,44.6765
UID_H46_4_1_hem-20,56.9165
UID_H46_5_1_hem,151.276
UID_H46_6_1_hem-3,47.6924
UID_H46_6_2_hem-12,39.3886
UID_H46_6_3_hem-7,53.941
UID_H46_6_4_hem-10,58.438
UID_H46_7_1_hem-8,99.5927
UID_H48_1_1_hem,51.3361
UID_H48_10_1_hem-5,84.0779
UID_H48_10_2_hem-7,98.9977
UID_H48_10_3_hem-4,47.8463
UID_H48_11_1_hem-4,98.6739
UID_H48_14_1_hem-4,104.063
UID_H48_14_2_hem-4,130.307
UID_H48_14_3_hem-2,137.884
UID_H48_14_4_hem-19,134.152
UID_H48_15_1_hem-12,31.0559
UID_H48_15_2_hem-2,68.0272
UID_H48_15_3_hem-8,66.9795
UID_H48_15_4_hem-4,259.135
UID_H48_16_1_hem,87.0645
UID_H48_16_10_hem-4,141.189
UID_H48_16_11_hem-6,31.0754
UID_H48_16_12_hem-4,37.8638
UID_H48_16_13_hem-2,30.6029
UID_H48_16_2_hem,46.2279
UID_H48_16_3_hem-6,47.2795
UID_H48_16_4_hem-6,63.3194
UID_H48_16_5_hem-2,91.1981
UID_H48_16_6_hem,106.969
UID_H48_16_7_hem-5,39.2955
UID_H48_16_8_hem-5,55.6975
UID_H48_16_9_hem-9,62.8798
UID_H48_2_1_hem-29,46.4495
UID_H48_2_2_hem-4,39.0028
UID_H48_2_3_hem-10,123.646
UID_H48_2_4_hem-4,67.591
UID_H48_2_5_hem-8,129.495
UID_H48_3_1_hem,53.6328
UID_H48_4_1_hem-2,8.33862
UID_H48_6_1_hem,66.2002
UID_H48_6_2_hem-12,108.76
UID_H48_6_3_hem-15,95.9586
UID_H48_6_4_hem,37.7609
UID_H48_6_5_hem-4,396.218
UID_H48_6_6_hem-4,83.0224
UID_H48_6_7_hem-15,40.7902
UID_H48_6_8_hem-9,58.6526
UID_H48_6_9_hem-7,56.4975
UID_H48_7_1_hem-2,108.844
UID_H48_7_2_hem-2,75.5318
UID_H48_7_3_hem-3,62.3101
UID_H48_7_4_hem-20,100.256
UID_H48_8_1_hem-17,108.302
UID_H48_9_1_hem-4,60.2316
UID_H48_9_2_hem-4,38.2865
UID_H48_9_3_hem-2,44.6939
UID_H5_1_1_hem-14,29.8416
UID_H5_10_1_hem-10,34.3392
UID_H5_10_2_hem-16,46.6811
UID_H5_10_3_hem-17,23.8821
UID_H5_10_4_hem-22,43.175
UID_H5_11_1_hem-14,30.5924
UID_H5_11_2_hem-5,39.642
UID_H5_11_3_hem-10,47.7414
UID_H5_11_4_hem-14,27.461
UID_H5_12_1_hem-20,29.6532
UID_H5_12_2_hem-11,36.2556
UID_H5_12_3_hem-21,21.3975
UID_H5_12_4_hem-28,27.4992
UID_H5_2_1_hem-6,27.4283
UID_H5_2_2_hem-29,46.7583
UID_H5_2_3_hem-19,28.8177
UID_H5_3_1_hem-30,29.8859
UID_H5_4_1_hem-16,53.4394
UID_H5_5_1_hem-11,33.7235
UID_H5_6_1_hem-15,49.2924
UID_H5_6_2_hem-10,28.0355
UID_H5_6_3_hem-12,38.6548
UID_H5_7_1_hem-28,22.4958
UID_H5_7_2_hem-11,34.7988
UID_H5_8_1_hem-12,31.6377
UID_H5_8_2_hem-4,28.9584
UID_H5_9_1_hem-16,30.6823
UID_H5_9_2_hem-14,26.5008
UID_H8_1_1_hem-3,24.6549
UID_H8_1_2_hem-13,26.8368
UID_H8_1_3_hem-11,29.8057
UID_H8_1_4_hem-18,31.6888
UID_H8_1_5_hem-5,22.3129
UID_H8_2_1_hem-8,43.8633
UID_H8_2_2_hem-7,29.9916
UID_H8_2_3_hem-4,37.6922
UID_H8_2_4_hem-10,21.1436
UID_H8_3_1_hem-11,32.4724
UID_H8_4_1_hem-13,21.8343
UID_H8_4_2_hem-16,25.5874
UID_H8_4_3_hem-16,23.0123
UID_H8_4_4_hem-15,27.3338
UID_H8_5_1_hem-10,33.9896
UID_H8_5_2_hem-15,44.5777
UID_H8_6_1_hem-7,225.534
UID_H8_7_1_hem-2,54.2001
UID_H8_7_2_hem-4,70.717
UID_H8_8_1_hem-7,33.4829
UID_H9_1_1_hem-11,40.8234
UID_H9_1_2_hem-5,33.3417
UID_H9_10_1_hem-20,25.1984
UID_H9_11_1_hem-12,26.5347
UID_H9_12_1_hem-26,38.7459
UID_H9_13_1_hem-22,28.31
UID_H9_15_1_hem-5,24.1329
UID_H9_16_1_hem-5,29.8219
UID_H9_16_2_hem-4,33.6351
UID_H9_17_1_hem-2,33.8189
UID_H9_18_1_hem-3,31.3456
UID_H9_19_1_hem-7,23.769
UID_H9_19_2_hem-15,40.2918
UID_H9_2_1_hem-10,27.7482
UID_H9_2_2_hem-13,37.6321
UID_H9_20_1_hem-4,24.2176
UID_H9_21_1_hem-5,54.9872
UID_H9_21_2_hem-17,25.9178
UID_H9_22_1_hem-2,38.9691
UID_H9_22_2_hem-17,63.8606
UID_H9_23_1_hem-14,53.0165
UID_H9_23_2_hem-5,57.0107
UID_H9_24_1_hem-16,38.3602
UID_H9_25_1_hem-6,29.0892
UID_H9_26_1_hem-3,42.1048
UID_H9_27_1_hem-2,28.7846
UID_H9_29_1_hem-4,28.5777
UID_H9_30_1_hem-3,31.1752
UID_H9_31_1_hem-4,33.5591
UID_H9_33_1_hem-12,30.1197
UID_H9_34_1_hem-6,36.8477
UID_H9_34_2_hem-14,27.7095
UID_H9_35_1_hem-5,44.3756
UID_H9_36_1_hem-3,29.1971
UID_H9_36_2_hem-4,45.7387
UID_H9_37_1_hem-2,29.6439
UID_H9_4_1_hem-15,26.698
UID_H9_4_2_hem-10,66.9056
UID_H9_5_1_hem-16,30.2832
UID_H9_5_2_hem-6,26.9191
UID_H9_6_1_hem-9,67.2966
UID_H9_6_2_hem-11,129.585
UID_H9_7_1_hem-10,55.6543
UID_H9_8_1_hem-16,27.6606
UID_H9_9_1_hem-15,47.1009
UID_H9_9_2_hem-6,42.2946